Python,Java,C_CPP,Web_Development,Data_Analysis,Machine_Learning,Database,Cloud_Computing,Cybersecurity,UI_UX_Design,Business_Analysis,Leadership,Communication,Problem_Solving,Creativity,Public_Speaking,Teamwork,Experience,Career
8.9,7.9,8.2,2.5,2.8,1.1,1.0,2.8,3.9,2.2,1.0,1.4,1.7,8.6,1.3,1.7,2.1,3.9,Software Engineer
8.2,8.5,7.2,2.4,2.7,3.6,2.3,3.4,2.0,3.3,1.5,3.9,2.4,8.1,1.1,3.0,3.0,2.9,Software Engineer
8.3,8.0,8.9,1.3,3.6,1.3,3.8,3.2,3.7,1.0,2.0,3.6,1.7,9.6,2.9,2.9,3.2,1.8,Software Engineer
8.6,10.0,7.9,1.0,3.0,2.5,3.5,1.7,2.7,2.6,2.0,1.1,3.7,8.1,1.8,3.9,1.5,3.5,Software Engineer
8.3,8.2,9.5,1.1,2.9,2.8,2.7,3.6,3.7,3.7,2.6,1.3,1.6,8.4,3.2,1.3,2.8,2.5,Software Engineer
8.5,8.2,9.6,2.4,4.0,2.3,2.1,1.1,1.1,3.7,1.4,3.3,3.2,9.2,3.0,1.8,2.5,2.4,Software Engineer
8.7,9.7,8.7,1.1,1.6,3.8,3.8,3.8,1.5,3.7,3.3,2.7,2.4,8.0,1.5,2.6,3.0,3.1,Software Engineer
9.5,8.6,7.8,2.3,1.6,3.1,1.5,1.2,1.7,3.5,2.2,2.1,3.3,8.9,3.2,3.9,2.0,2.2,Software Engineer
9.2,7.2,7.1,2.5,3.4,2.0,2.3,4.0,3.3,3.8,2.1,2.6,3.4,9.5,1.4,2.7,3.3,2.8,Software Engineer
8.5,7.2,9.0,2.3,1.1,2.3,3.0,2.6,2.6,2.8,3.1,1.8,1.8,8.4,3.3,2.3,3.8,2.8,Software Engineer
8.9,8.1,8.8,2.9,3.9,3.9,3.2,2.5,2.7,1.4,1.5,1.1,1.7,9.6,2.1,2.4,2.4,3.8,Software Engineer
8.3,8.3,9.9,3.2,2.5,3.1,2.5,2.1,1.7,1.3,2.8,1.2,3.8,8.8,1.0,1.7,1.6,2.0,Software Engineer
8.6,7.3,9.1,2.2,1.6,3.6,3.0,1.1,2.5,2.7,1.6,2.0,1.5,9.1,3.9,3.6,1.9,2.1,Software Engineer
8.9,8.6,7.2,2.5,2.8,2.4,3.7,1.6,3.6,2.6,3.4,1.6,3.1,8.8,1.6,2.4,2.2,3.2,Software Engineer
9.9,9.1,10.0,1.3,2.5,2.6,2.4,3.4,3.7,2.1,1.2,3.8,3.5,8.6,2.0,1.8,1.6,1.5,Software Engineer
9.3,9.3,7.3,3.6,3.9,2.5,3.7,3.8,1.3,2.4,1.5,3.1,2.8,8.2,1.0,4.0,1.6,3.0,Software Engineer
8.7,8.9,8.3,2.0,2.2,2.9,3.1,2.1,3.9,3.8,3.5,2.1,1.7,9.1,1.7,2.4,2.4,3.0,Software Engineer
9.2,8.0,9.4,3.4,1.2,2.3,2.0,2.0,2.1,1.9,3.5,2.4,1.6,8.4,2.2,2.7,3.4,2.1,Software Engineer
9.2,7.2,8.5,1.3,3.8,4.0,3.2,1.8,1.1,1.9,3.9,1.3,2.6,8.1,1.3,1.6,3.7,3.1,Software Engineer
9.9,7.4,7.8,2.1,1.3,2.7,3.7,3.7,2.4,1.2,3.2,3.5,2.5,8.8,1.9,2.5,1.6,1.6,Software Engineer
8.0,8.1,7.6,2.2,4.0,3.4,3.8,2.2,1.7,2.3,2.5,3.0,2.8,9.5,1.3,3.2,1.4,3.2,Software Engineer
8.4,8.7,8.6,2.2,3.2,2.2,3.5,2.4,2.9,2.8,3.0,3.3,2.6,8.4,1.9,2.0,1.7,2.9,Software Engineer
8.0,7.7,7.7,2.7,3.7,2.3,1.1,3.4,2.1,1.6,1.9,1.9,2.9,9.7,1.5,3.9,3.6,1.5,Software Engineer
9.3,8.7,8.7,3.0,2.8,3.8,3.0,2.9,2.0,3.9,2.9,3.2,2.9,8.4,1.2,1.4,2.7,2.2,Software Engineer
9.7,9.8,7.2,2.1,3.5,2.5,2.5,2.1,3.6,1.5,2.7,1.1,1.7,9.4,1.8,2.0,1.0,2.8,Software Engineer
8.3,8.5,7.9,2.7,1.7,1.1,3.9,2.5,2.0,3.0,3.5,1.5,3.0,9.6,3.9,1.4,1.6,2.6,Software Engineer
9.9,10.0,8.6,2.0,2.6,3.6,3.7,1.2,3.6,3.4,2.0,2.6,2.6,8.2,1.6,1.7,3.6,2.1,Software Engineer
9.5,7.9,9.0,2.3,2.4,3.8,1.2,3.4,2.1,3.6,3.4,3.8,2.8,9.6,2.0,1.0,1.6,1.2,Software Engineer
9.8,7.0,9.3,3.6,2.8,1.5,1.0,2.3,3.6,3.2,3.2,1.3,3.0,9.4,3.7,2.2,1.2,3.3,Software Engineer
8.5,9.3,7.4,2.3,3.6,3.7,3.4,3.7,3.5,1.2,2.2,2.3,1.5,8.1,2.5,1.3,2.0,1.4,Software Engineer
9.4,7.5,7.7,2.4,3.7,3.1,3.0,1.8,3.6,3.5,2.8,2.2,2.6,8.4,3.9,3.6,1.1,3.4,Software Engineer
8.9,8.3,9.6,1.4,2.5,1.7,2.7,1.1,2.0,3.7,1.1,1.1,3.9,8.3,3.6,2.3,2.3,4.0,Software Engineer
8.4,9.9,8.7,3.1,2.0,3.4,3.8,3.8,1.5,2.9,3.9,3.3,2.2,9.9,1.3,1.9,3.6,2.9,Software Engineer
9.2,7.6,9.9,2.6,2.6,1.2,3.7,1.5,3.2,1.1,3.4,2.7,2.4,9.2,2.0,3.6,2.0,2.4,Software Engineer
9.4,8.3,9.2,3.8,3.5,2.2,3.4,3.1,2.3,3.3,1.3,2.0,1.4,9.3,2.2,2.9,4.0,3.5,Software Engineer
8.7,9.5,7.4,2.8,1.9,2.2,1.9,3.4,2.4,2.5,1.2,2.5,3.4,8.6,2.4,1.0,2.3,2.7,Software Engineer
9.4,9.4,7.5,2.5,1.5,3.8,2.1,2.8,2.0,1.7,1.0,2.6,1.4,9.9,2.4,1.6,3.0,3.4,Software Engineer
9.7,9.2,7.2,3.6,2.3,2.2,1.6,2.4,3.3,3.5,2.8,1.8,1.0,8.9,2.0,2.5,3.7,1.6,Software Engineer
8.0,7.3,7.3,2.2,2.4,3.5,2.3,1.5,1.6,1.5,3.2,1.4,2.8,9.0,1.6,3.1,3.8,3.3,Software Engineer
9.7,7.9,9.8,1.0,3.7,2.2,3.1,3.4,1.2,3.8,2.9,3.3,1.8,10.0,2.2,2.7,1.1,3.9,Software Engineer
8.9,9.4,7.2,2.3,2.3,2.1,3.8,3.5,1.3,3.1,1.5,1.3,1.5,9.7,1.3,1.9,3.1,3.2,Software Engineer
9.3,7.5,7.9,1.6,3.2,2.5,1.4,2.9,1.5,2.4,3.8,3.3,1.6,9.2,2.8,1.6,1.8,2.9,Software Engineer
10.0,9.0,8.0,2.6,3.1,2.3,3.2,3.5,3.6,2.8,2.9,3.3,3.6,9.0,1.4,2.2,3.4,2.8,Software Engineer
8.2,8.0,8.3,2.6,2.5,3.9,3.0,3.2,3.5,1.6,2.2,3.5,1.6,8.8,2.0,4.0,1.8,3.7,Software Engineer
9.6,8.9,9.0,1.3,1.7,1.2,3.3,3.2,2.0,2.5,1.5,2.1,2.9,9.8,3.3,1.7,3.1,1.0,Software Engineer
8.0,9.2,7.6,2.4,1.1,1.5,1.5,2.4,3.8,1.6,2.8,2.5,2.8,9.3,2.6,4.0,3.5,2.2,Software Engineer
9.3,9.3,7.3,2.2,3.5,1.7,4.0,1.7,2.4,3.7,2.6,1.3,3.7,9.6,2.5,2.8,1.8,2.7,Software Engineer
8.5,9.6,7.1,1.4,3.6,2.7,2.6,3.7,3.5,1.2,1.8,2.5,2.8,8.8,3.7,2.1,3.3,3.5,Software Engineer
9.4,9.5,9.7,1.5,2.0,1.7,3.1,1.1,3.2,1.1,1.1,3.9,1.3,8.6,1.8,2.3,3.6,3.2,Software Engineer
8.2,8.3,8.5,2.1,2.2,2.0,1.7,1.8,3.6,3.6,2.4,1.2,1.2,10.0,1.0,2.0,3.2,1.0,Software Engineer
8.6,9.7,7.1,2.4,2.3,3.1,1.9,3.4,1.9,1.9,3.4,2.4,1.9,9.6,3.0,2.0,1.4,2.3,Software Engineer
9.3,9.4,7.7,2.8,1.9,2.4,3.8,2.1,1.5,3.2,2.5,3.6,1.2,9.4,3.7,2.1,1.8,2.8,Software Engineer
9.0,7.4,7.6,2.7,3.3,1.6,3.8,3.3,3.8,3.9,2.4,3.4,3.1,8.6,2.1,2.0,3.9,1.4,Software Engineer
9.8,8.9,7.0,3.9,1.3,4.0,3.6,1.2,2.1,3.6,1.8,1.9,2.9,10.0,2.6,3.1,3.0,1.7,Software Engineer
9.7,7.8,7.8,3.1,2.6,1.9,2.1,2.7,3.1,3.6,3.8,3.6,4.0,8.5,2.5,1.7,1.3,1.0,Software Engineer
9.4,9.3,8.8,1.4,2.8,2.6,1.2,1.7,3.7,2.6,3.9,1.2,1.9,9.3,2.7,3.7,2.4,4.0,Software Engineer
8.8,9.8,7.0,3.6,2.6,1.2,1.9,2.9,2.7,3.5,1.4,1.7,3.0,8.8,1.3,1.2,1.9,3.5,Software Engineer
9.4,8.3,8.6,3.9,2.0,2.0,1.3,3.0,1.4,1.1,1.8,3.6,3.0,8.2,1.3,3.2,1.1,3.8,Software Engineer
9.1,9.5,7.6,1.6,3.1,1.9,3.6,3.4,3.4,2.8,3.2,1.2,1.3,9.4,2.7,3.0,3.7,3.8,Software Engineer
8.2,7.0,7.1,1.9,3.0,2.5,4.0,3.8,3.5,3.0,2.3,2.4,3.2,8.7,3.3,3.6,2.0,1.5,Software Engineer
8.5,8.3,9.1,3.1,1.7,1.5,1.3,1.4,2.7,3.0,2.6,1.6,1.5,9.1,1.7,1.5,2.1,1.8,Software Engineer
9.8,9.3,7.6,2.5,1.3,3.2,2.9,3.9,2.0,3.5,3.1,2.7,4.0,8.3,1.8,2.5,2.5,3.8,Software Engineer
8.7,9.6,8.2,3.9,1.1,3.7,3.9,1.8,3.9,2.0,3.3,3.1,1.0,8.9,2.5,2.3,3.6,1.8,Software Engineer
8.8,8.0,8.7,3.5,1.5,1.6,3.4,3.8,1.3,1.6,1.8,2.4,3.4,9.1,1.6,1.3,1.9,3.6,Software Engineer
9.8,7.2,8.5,1.1,2.5,2.4,2.2,3.7,3.1,2.2,2.7,1.4,3.2,9.2,1.2,2.5,2.6,3.1,Software Engineer
8.1,7.6,8.2,3.3,2.0,2.3,3.2,2.5,1.0,1.0,2.6,2.9,1.6,8.4,1.6,2.5,2.9,3.1,Software Engineer
8.9,7.2,9.3,2.6,4.0,1.6,2.9,3.6,1.6,2.6,3.1,3.9,4.0,8.4,2.9,2.1,1.4,3.0,Software Engineer
9.4,7.8,7.5,2.1,2.7,2.9,1.3,1.3,2.6,3.5,3.5,2.4,2.8,9.0,1.4,4.0,3.2,2.5,Software Engineer
10.0,9.8,8.7,1.6,1.3,1.5,2.3,1.8,1.1,2.8,2.3,1.4,2.8,8.8,3.2,3.9,1.9,3.2,Software Engineer
8.4,8.3,9.3,1.1,2.8,2.7,3.2,1.0,3.0,3.0,3.2,1.5,2.4,8.8,3.1,2.3,1.8,2.0,Software Engineer
1.7,3.6,3.2,10.0,2.9,2.1,1.8,3.0,2.5,9.1,1.3,3.8,3.5,2.3,8.4,3.1,1.6,3.9,Frontend Developer
3.4,3.9,3.3,9.9,2.9,2.4,3.3,2.8,2.8,8.3,1.3,2.8,3.1,3.1,8.9,2.0,1.2,3.5,Frontend Developer
3.0,2.9,2.4,8.4,1.3,3.2,1.1,3.3,2.1,9.5,2.1,3.3,1.5,1.7,8.4,2.3,2.2,1.3,Frontend Developer
3.9,1.9,1.3,9.1,1.1,1.9,1.6,1.2,1.6,8.8,3.6,2.4,2.2,1.5,9.0,2.0,1.8,2.0,Frontend Developer
2.6,3.5,3.5,9.8,2.4,3.7,2.6,2.8,3.7,9.4,1.1,1.3,2.3,2.1,8.6,1.2,1.4,3.1,Frontend Developer
3.3,3.9,1.6,8.2,3.9,2.5,1.9,1.9,3.6,9.2,2.6,2.5,2.0,1.7,8.1,3.1,2.4,2.7,Frontend Developer
2.7,2.9,3.1,8.6,3.5,1.3,3.3,2.8,2.3,9.5,2.9,1.8,3.3,2.7,9.0,2.7,2.3,1.4,Frontend Developer
2.3,2.9,1.9,9.1,2.7,3.4,1.9,2.2,1.6,9.7,1.6,2.1,1.0,2.5,9.5,2.9,1.3,1.8,Frontend Developer
4.0,2.6,2.9,9.7,1.2,3.7,3.3,1.3,1.9,8.7,2.7,1.4,3.3,1.4,8.7,2.3,3.9,1.1,Frontend Developer
3.5,3.9,2.2,9.1,1.3,2.4,1.4,3.8,4.0,8.8,1.7,1.1,2.3,3.8,8.2,2.7,1.3,1.3,Frontend Developer
1.9,4.0,2.0,8.9,1.2,3.7,3.9,3.7,1.5,9.0,2.6,1.4,3.3,1.3,9.2,3.5,3.5,3.9,Frontend Developer
3.4,4.0,2.1,9.0,2.5,3.7,2.2,1.9,3.0,8.0,1.6,2.7,2.8,3.9,9.2,1.3,2.6,3.5,Frontend Developer
1.9,2.4,2.4,9.0,2.0,2.9,3.1,3.8,3.5,8.6,3.2,1.6,3.5,2.2,9.7,3.4,1.0,3.6,Frontend Developer
1.3,2.3,2.5,9.3,3.3,2.7,1.8,3.1,1.2,8.8,1.0,2.4,3.1,3.3,8.5,1.7,2.9,3.7,Frontend Developer
1.4,3.5,1.1,8.1,3.5,3.3,3.1,3.3,1.4,9.9,1.1,2.4,3.6,1.7,9.6,3.8,1.2,1.2,Frontend Developer
3.8,1.2,1.3,9.2,2.6,2.1,2.6,3.1,2.4,8.0,3.1,1.8,2.7,3.6,8.2,3.4,3.3,1.5,Frontend Developer
1.6,3.3,3.1,8.3,2.7,2.2,3.6,3.6,3.0,9.8,1.8,3.0,1.3,1.0,10.0,3.1,1.8,2.0,Frontend Developer
1.3,3.5,3.8,8.9,3.1,2.8,1.4,1.2,1.5,8.6,3.6,2.0,3.5,2.3,9.1,2.9,2.6,1.3,Frontend Developer
3.2,3.5,1.4,8.0,1.6,1.4,2.0,2.4,3.7,8.3,4.0,3.3,1.8,1.6,8.1,1.9,2.5,2.3,Frontend Developer
3.1,1.6,1.7,9.3,2.5,3.1,1.8,2.4,1.7,9.7,2.5,2.5,1.9,2.4,9.6,2.1,2.4,1.7,Frontend Developer
1.7,2.3,2.4,8.7,2.5,1.2,3.6,3.7,2.9,9.3,3.3,3.0,2.3,2.9,8.3,2.2,1.8,1.4,Frontend Developer
2.2,1.6,3.7,9.9,1.4,1.1,3.8,1.9,2.6,8.8,2.1,3.5,1.9,1.7,8.4,3.2,2.7,3.5,Frontend Developer
3.0,3.6,3.2,9.2,2.3,2.2,2.3,2.1,1.8,9.3,1.4,1.0,1.3,2.7,8.2,1.7,3.7,3.0,Frontend Developer
1.3,1.8,2.6,8.9,2.4,1.7,3.3,1.4,1.1,9.8,3.8,1.2,3.4,3.8,8.5,3.4,3.1,3.3,Frontend Developer
1.9,2.7,3.2,9.0,3.4,2.3,3.1,1.6,1.6,9.7,3.7,3.7,3.0,1.5,9.3,2.6,3.2,3.8,Frontend Developer
2.5,1.1,1.1,9.9,1.7,1.3,1.6,2.7,2.6,8.9,3.6,1.4,2.2,1.2,8.0,3.6,2.6,2.3,Frontend Developer
3.2,4.0,3.3,9.4,2.0,2.3,3.3,1.1,3.7,8.1,3.3,1.9,1.1,2.7,8.2,3.3,1.1,3.5,Frontend Developer
2.3,2.3,1.5,9.3,2.3,1.4,2.2,1.1,2.7,8.7,2.9,3.9,3.9,2.7,8.8,3.1,2.9,3.2,Frontend Developer
1.1,2.5,1.3,8.6,2.1,3.6,3.7,3.8,1.4,8.7,3.7,2.6,2.6,2.4,8.7,2.9,3.7,1.8,Frontend Developer
2.8,3.9,3.9,8.7,1.3,2.8,1.4,3.4,3.9,9.1,3.5,1.3,2.3,1.5,8.9,2.9,1.9,2.2,Frontend Developer
3.9,3.0,3.5,9.7,4.0,2.2,2.5,2.8,3.9,8.9,2.8,3.6,3.6,3.2,9.6,2.9,2.7,1.3,Frontend Developer
1.3,3.8,2.5,9.4,3.5,2.0,3.7,2.0,1.3,8.7,3.9,1.8,1.3,1.8,9.7,3.4,1.8,2.8,Frontend Developer
2.9,3.8,3.1,9.5,3.8,1.8,2.1,3.8,3.6,8.8,3.3,1.3,1.9,3.5,9.4,1.8,1.0,2.0,Frontend Developer
2.1,3.0,3.8,8.5,3.6,2.5,1.2,2.8,2.2,8.5,3.9,3.5,3.3,2.8,8.3,3.8,3.5,3.6,Frontend Developer
3.8,1.6,2.3,8.8,1.1,1.6,2.8,1.3,1.2,8.0,4.0,2.1,3.1,1.4,8.7,2.5,2.4,1.8,Frontend Developer
1.1,1.7,2.0,9.9,3.5,1.7,3.0,2.5,3.1,9.6,1.7,3.2,3.9,1.4,9.3,1.8,2.7,3.5,Frontend Developer
2.7,2.4,1.8,8.3,2.9,2.3,1.8,2.1,3.0,9.8,2.1,2.0,2.0,1.1,8.4,2.9,3.3,1.3,Frontend Developer
1.6,2.7,2.6,9.5,2.9,1.2,2.7,1.2,2.4,9.9,3.3,1.8,1.5,1.0,9.7,3.5,1.8,1.9,Frontend Developer
3.7,3.4,3.4,8.9,3.9,3.5,1.1,2.0,3.1,9.7,2.8,2.1,1.8,2.7,8.8,3.9,3.3,1.8,Frontend Developer
3.9,2.8,1.3,9.7,4.0,2.4,1.0,3.2,3.5,9.1,3.6,3.8,3.0,1.3,8.2,2.1,1.8,1.6,Frontend Developer
2.0,1.7,2.7,9.7,1.3,2.5,2.7,2.9,1.7,9.1,1.7,1.2,2.1,3.6,8.6,1.6,2.4,1.3,Frontend Developer
1.5,2.5,3.0,8.1,1.1,3.7,1.6,3.1,3.9,9.0,1.5,3.4,1.3,2.2,8.6,3.2,3.7,3.7,Frontend Developer
2.2,1.9,2.1,9.6,2.5,3.4,2.5,2.4,3.9,8.1,1.7,3.6,3.1,1.3,9.1,1.5,3.0,1.1,Frontend Developer
1.1,4.0,1.0,8.5,3.2,3.8,3.0,1.6,2.1,9.5,3.3,3.9,3.6,2.3,8.5,2.0,3.2,1.5,Frontend Developer
2.4,3.2,3.3,9.9,3.8,1.7,2.0,3.9,2.4,8.3,3.2,2.3,2.7,3.7,8.8,3.1,2.4,2.9,Frontend Developer
1.2,3.1,3.2,9.9,2.5,1.9,1.4,2.2,2.2,10.0,2.3,1.3,1.8,3.5,9.1,1.6,3.1,3.0,Frontend Developer
2.3,3.3,2.4,9.3,3.7,2.4,2.3,4.0,2.4,8.7,3.7,2.1,1.3,2.0,8.5,2.8,3.9,1.3,Frontend Developer
1.2,3.2,1.8,8.2,2.0,2.5,1.3,2.6,3.9,8.1,2.5,1.5,3.7,2.5,9.8,3.4,3.2,1.6,Frontend Developer
1.2,1.6,3.1,8.7,2.3,2.4,1.5,2.3,2.7,8.2,3.2,3.4,1.6,1.6,9.7,3.7,1.3,1.8,Frontend Developer
2.2,3.4,3.0,8.4,2.1,1.1,1.9,3.6,1.6,9.8,2.5,3.8,1.7,2.2,9.6,1.7,1.8,2.2,Frontend Developer
2.7,3.1,1.6,8.9,2.3,2.8,3.1,2.5,2.2,8.1,3.2,1.1,3.8,3.3,8.2,2.6,3.8,3.3,Frontend Developer
2.5,2.0,3.1,9.6,3.3,3.1,3.6,4.0,2.4,9.4,3.8,2.0,2.9,1.3,8.7,3.1,2.9,3.0,Frontend Developer
1.3,2.1,2.2,9.6,1.4,1.7,2.5,1.1,3.6,9.7,3.3,2.0,3.7,1.4,8.9,3.0,1.2,3.7,Frontend Developer
3.0,2.5,2.2,8.3,3.3,1.4,3.4,3.1,1.3,10.0,3.1,2.9,1.3,3.3,8.8,1.4,3.1,3.6,Frontend Developer
2.7,2.9,3.0,9.0,1.6,1.5,1.3,1.6,2.1,9.5,1.4,3.4,1.8,2.9,9.0,1.8,2.3,3.6,Frontend Developer
2.1,1.9,2.2,8.5,1.7,2.3,2.3,2.6,3.2,8.8,2.9,1.3,3.7,2.1,9.8,2.8,2.7,1.9,Frontend Developer
3.1,1.1,2.8,8.4,3.8,3.8,3.4,1.5,2.2,9.9,2.5,1.8,3.3,1.4,9.4,1.7,2.3,2.7,Frontend Developer
1.1,2.2,1.8,9.6,3.0,3.8,1.6,3.9,3.6,9.1,3.2,1.1,1.8,2.8,9.1,1.1,3.2,1.8,Frontend Developer
2.1,2.0,3.3,9.1,3.2,3.2,3.7,1.1,3.6,9.7,2.5,3.6,3.1,1.5,8.9,3.7,1.6,4.0,Frontend Developer
3.0,1.6,1.6,9.2,1.7,3.1,1.9,1.0,1.1,9.2,2.0,3.7,3.9,3.4,8.5,1.6,4.0,3.2,Frontend Developer
3.9,3.8,3.6,9.1,1.5,2.0,2.1,2.8,1.1,8.3,3.3,3.5,2.3,1.9,9.7,2.9,3.2,1.5,Frontend Developer
3.1,3.6,1.9,9.8,2.3,1.7,3.0,1.9,3.0,8.2,3.7,3.1,2.3,1.8,9.0,2.7,3.5,3.6,Frontend Developer
2.2,1.7,1.2,8.4,2.0,2.5,1.4,3.2,1.9,9.8,1.0,1.2,2.5,1.5,8.6,2.4,2.2,3.2,Frontend Developer
2.7,2.6,1.6,8.7,2.9,1.8,1.9,2.5,1.8,9.3,3.5,2.4,2.3,2.7,8.7,1.9,2.0,3.9,Frontend Developer
1.7,1.2,2.9,9.4,1.8,3.8,2.1,1.6,3.9,9.6,2.0,3.2,2.5,3.3,8.5,2.2,1.3,2.0,Frontend Developer
3.7,2.0,2.0,9.5,2.4,2.6,1.9,2.5,3.1,8.8,2.7,3.7,2.9,1.3,9.5,3.2,3.4,3.2,Frontend Developer
1.2,1.6,2.3,9.6,2.8,1.4,1.6,2.7,2.9,9.9,2.5,2.8,1.1,2.6,9.7,1.1,1.8,2.0,Frontend Developer
3.1,1.9,2.4,9.8,3.5,3.0,3.1,3.0,2.8,9.5,2.4,3.7,2.4,2.0,9.5,2.3,2.0,2.8,Frontend Developer
2.3,4.0,3.8,10.0,3.7,2.7,2.6,2.4,1.4,9.9,1.3,3.5,2.0,4.0,9.3,3.5,1.5,3.0,Frontend Developer
3.9,3.1,3.4,9.4,2.2,3.4,2.8,1.1,2.7,9.0,2.9,4.0,2.9,2.4,9.2,2.4,2.9,3.1,Frontend Developer
9.3,9.4,1.2,2.1,1.9,2.9,8.4,2.9,3.9,2.0,1.4,1.2,2.8,1.5,2.4,2.5,2.5,1.2,Backend Developer
9.1,8.5,3.6,3.2,3.3,3.7,9.5,4.0,2.8,2.4,2.8,3.3,3.5,2.2,3.3,2.0,1.9,2.5,Backend Developer
8.9,9.1,3.0,3.3,1.1,2.2,9.3,3.2,2.4,1.8,1.1,2.6,1.7,3.1,1.1,1.2,2.3,3.4,Backend Developer
7.5,9.6,3.6,1.1,3.4,2.4,8.6,3.2,3.2,2.1,1.2,1.3,2.6,3.4,1.5,3.8,2.7,1.9,Backend Developer
7.2,7.5,2.8,3.8,3.7,1.1,9.8,2.8,3.1,2.0,3.2,1.8,1.1,3.1,2.1,1.4,1.9,1.2,Backend Developer
8.8,8.0,2.3,1.7,2.9,3.7,9.0,1.5,1.9,3.0,1.4,1.6,2.5,2.9,4.0,3.2,1.1,3.7,Backend Developer
8.5,9.7,2.3,1.3,3.4,4.0,9.9,2.0,3.3,1.4,3.3,1.7,3.2,1.8,3.7,3.9,1.6,3.5,Backend Developer
7.3,7.7,3.4,1.0,2.6,3.2,8.3,3.1,2.1,3.3,1.6,2.3,2.0,1.2,1.8,1.2,2.7,1.9,Backend Developer
7.8,8.6,3.6,2.5,3.3,3.6,9.5,1.9,3.4,1.3,2.2,3.8,3.4,2.3,3.2,3.6,1.7,2.3,Backend Developer
8.2,9.7,1.2,1.6,1.7,1.6,8.0,3.9,3.3,3.9,3.1,3.5,2.4,2.0,3.0,1.5,2.8,2.9,Backend Developer
9.2,9.8,1.1,1.7,1.3,2.8,8.0,2.1,3.6,2.0,1.7,2.6,1.0,1.7,3.0,2.0,2.8,2.6,Backend Developer
8.2,8.5,1.2,2.7,1.8,1.4,8.2,2.0,2.2,2.2,3.0,1.7,1.2,1.4,2.9,2.6,1.1,1.7,Backend Developer
8.9,8.5,2.6,2.9,2.4,2.3,8.7,3.5,2.3,2.1,2.9,3.2,3.7,1.2,1.9,3.7,2.4,2.2,Backend Developer
10.0,8.2,1.0,1.8,2.2,3.4,8.1,3.3,1.5,2.2,2.5,2.8,1.1,3.4,1.8,2.1,1.6,3.8,Backend Developer
9.2,7.3,2.5,1.5,2.5,2.2,9.8,1.3,4.0,2.4,2.0,3.7,2.0,3.5,3.2,3.8,1.5,2.8,Backend Developer
7.9,9.2,1.9,1.2,1.4,3.4,8.1,2.3,3.2,3.9,1.6,1.7,3.4,3.4,3.9,2.1,1.7,3.2,Backend Developer
9.3,9.7,3.8,1.1,3.3,1.6,9.5,1.3,3.1,3.5,3.8,1.8,1.5,2.2,2.7,2.3,1.8,2.9,Backend Developer
7.9,7.3,1.1,3.8,1.7,3.8,8.4,3.7,3.7,1.1,2.2,3.9,3.6,3.7,2.9,3.6,3.9,2.8,Backend Developer
8.3,9.3,3.9,2.0,3.3,1.8,9.9,2.3,2.0,2.2,3.3,1.6,1.6,2.0,3.1,3.3,3.0,2.0,Backend Developer
7.6,8.1,2.6,3.5,2.7,2.4,9.4,1.0,3.3,3.4,2.3,2.4,3.9,3.1,1.0,1.1,2.9,3.6,Backend Developer
7.2,8.0,3.6,2.4,1.3,3.2,8.9,2.9,2.2,2.8,3.7,2.0,2.8,1.0,2.2,3.1,2.2,2.7,Backend Developer
8.7,9.0,1.8,3.2,3.1,3.5,9.8,2.5,2.5,1.2,2.1,1.3,2.6,2.8,1.1,1.6,1.6,1.8,Backend Developer
8.4,9.7,3.7,3.7,3.8,1.9,9.3,1.3,3.4,3.8,2.2,1.8,3.1,3.5,1.8,2.6,3.2,1.9,Backend Developer
7.1,8.2,3.3,1.7,2.0,3.3,9.4,2.3,3.6,2.6,2.6,2.2,1.1,3.1,2.1,3.0,2.9,1.4,Backend Developer
8.3,7.4,1.9,2.3,1.5,3.4,9.1,3.7,2.7,2.0,2.0,1.7,1.2,2.8,1.5,3.6,3.9,1.8,Backend Developer
9.2,8.3,3.8,3.0,3.1,2.9,8.3,2.9,3.2,2.3,3.5,2.2,1.4,2.2,2.9,1.9,2.1,2.9,Backend Developer
9.0,9.4,1.5,2.8,1.2,3.2,9.2,3.1,2.8,2.0,2.5,2.0,2.9,2.7,2.6,2.8,1.7,1.9,Backend Developer
8.4,8.5,3.1,2.1,3.9,2.5,9.1,2.6,3.1,1.1,2.3,2.7,2.4,2.3,2.7,3.8,2.5,1.0,Backend Developer
8.4,7.8,4.0,3.2,2.6,3.5,9.8,1.4,1.6,3.1,2.0,3.5,2.5,3.2,2.1,2.4,3.1,3.6,Backend Developer
8.6,8.5,3.6,1.8,1.8,1.3,9.7,2.6,2.0,3.6,1.3,1.3,2.7,2.6,2.7,1.4,3.8,2.8,Backend Developer
9.7,7.7,1.1,1.5,3.0,3.4,9.3,2.3,4.0,1.4,3.9,3.8,3.3,1.2,3.5,2.0,2.9,3.9,Backend Developer
7.3,8.3,2.3,2.3,3.2,3.0,9.7,2.6,1.2,3.9,1.9,3.4,3.6,1.9,3.7,2.5,3.7,2.7,Backend Developer
8.9,8.8,3.0,1.4,3.8,3.4,9.0,3.9,1.1,3.3,3.5,2.6,2.5,1.1,2.8,2.5,1.6,1.8,Backend Developer
7.3,9.6,1.8,1.1,2.2,2.7,8.0,3.2,2.7,2.4,3.1,1.5,1.7,4.0,2.1,3.9,3.4,1.6,Backend Developer
8.7,7.2,3.5,3.3,2.8,1.2,9.4,3.2,2.7,2.9,2.7,4.0,2.5,2.9,2.9,2.7,3.5,1.5,Backend Developer
7.0,7.7,1.9,1.9,3.7,3.7,9.0,3.7,1.2,1.4,1.0,3.1,2.6,1.1,3.0,1.1,3.6,1.2,Backend Developer
7.2,9.6,1.7,3.9,1.5,1.1,9.8,2.4,3.0,1.0,1.6,3.6,1.1,1.2,3.6,3.2,1.2,2.8,Backend Developer
7.9,7.1,3.6,1.8,2.9,1.5,8.9,2.1,3.3,2.3,2.3,3.4,3.2,3.3,2.6,3.4,1.2,3.1,Backend Developer
7.6,7.7,1.7,1.5,3.5,2.6,8.5,1.2,3.7,1.1,2.7,2.4,2.3,3.6,3.0,2.0,3.6,1.4,Backend Developer
9.4,9.8,2.8,2.6,2.3,3.3,9.2,2.9,3.0,3.3,2.9,3.3,2.3,3.2,4.0,2.4,2.8,1.2,Backend Developer
7.5,8.0,2.9,3.0,2.4,2.9,9.5,2.1,3.6,3.9,3.7,3.4,3.6,2.9,2.0,2.7,3.5,1.7,Backend Developer
7.3,7.4,2.0,3.3,1.2,1.4,8.2,3.1,2.1,3.1,1.1,1.8,1.7,1.8,3.0,2.1,1.1,1.4,Backend Developer
9.4,8.3,3.9,2.7,3.0,2.9,8.3,3.9,2.0,1.9,1.2,2.0,2.2,1.0,1.4,2.1,3.9,3.0,Backend Developer
8.2,8.5,3.6,1.7,2.1,3.6,9.5,2.2,3.2,3.6,3.3,2.8,3.8,1.2,3.7,1.7,2.1,2.7,Backend Developer
9.8,8.0,3.8,2.2,3.6,2.7,9.0,1.3,1.7,2.4,1.0,3.2,3.9,1.9,2.5,2.8,1.7,1.1,Backend Developer
8.8,7.0,1.2,1.1,2.3,2.4,8.5,2.5,1.1,2.6,2.6,2.5,3.4,3.9,1.4,2.2,3.0,3.0,Backend Developer
8.9,9.8,3.7,1.3,1.4,3.8,9.0,1.7,1.5,2.4,2.1,1.7,2.0,1.4,1.3,2.7,3.1,1.9,Backend Developer
8.3,9.8,1.5,2.0,1.9,1.3,8.8,2.2,3.1,3.7,1.6,2.9,1.8,3.4,1.9,2.6,1.1,2.8,Backend Developer
7.4,9.0,3.0,2.3,3.0,1.5,9.7,2.3,2.0,3.1,2.7,3.1,2.9,1.6,1.7,3.1,2.5,3.2,Backend Developer
7.6,7.7,3.6,2.1,1.2,3.6,8.9,2.0,3.6,3.4,3.8,1.7,2.1,2.1,1.8,1.1,1.9,3.3,Backend Developer
9.9,7.7,2.3,1.7,2.6,3.0,9.3,1.9,2.4,3.1,1.3,1.4,3.2,2.7,2.8,1.8,1.8,2.8,Backend Developer
9.9,8.0,2.1,1.2,2.1,1.7,9.8,3.1,3.2,2.4,3.7,2.3,2.8,3.3,1.9,3.8,3.8,3.4,Backend Developer
8.4,7.4,1.1,3.6,1.0,1.6,9.6,3.4,3.0,2.0,3.9,1.9,2.5,3.6,3.2,1.2,4.0,1.5,Backend Developer
9.4,7.7,3.3,3.1,1.7,1.8,8.4,2.2,1.3,3.7,2.9,1.6,3.6,3.7,2.0,2.5,2.4,2.9,Backend Developer
9.5,9.3,2.4,2.5,4.0,3.7,8.8,1.6,1.4,3.9,3.9,4.0,2.1,2.5,1.2,1.0,2.6,3.6,Backend Developer
7.5,7.2,3.1,3.0,2.5,3.3,8.7,4.0,2.3,2.7,1.7,2.8,1.5,1.6,3.3,2.4,2.3,2.1,Backend Developer
8.0,7.4,3.0,3.0,1.1,1.3,9.4,1.1,2.6,2.4,3.8,2.1,3.0,3.3,3.0,1.5,2.2,2.4,Backend Developer
9.3,7.9,1.7,4.0,2.5,3.4,9.6,1.5,2.9,3.5,2.9,3.4,2.2,2.0,3.6,2.5,2.8,2.8,Backend Developer
9.0,9.6,2.9,3.3,2.7,2.2,8.9,1.5,3.1,3.4,2.6,1.9,3.1,1.8,4.0,3.3,1.1,2.0,Backend Developer
7.7,7.7,1.5,2.5,4.0,2.3,8.6,1.8,2.9,2.8,2.4,3.2,3.6,3.9,1.5,2.7,1.6,3.1,Backend Developer
9.7,9.4,2.5,1.8,1.9,2.1,8.0,1.3,2.5,1.8,3.3,2.2,1.3,3.0,1.4,3.7,2.0,1.8,Backend Developer
8.9,8.1,1.6,1.9,3.1,1.9,9.1,1.8,1.9,2.7,3.2,2.1,1.1,2.0,1.2,1.6,4.0,1.5,Backend Developer
7.1,8.5,1.9,3.4,3.8,2.5,8.9,3.8,2.1,3.4,1.9,1.7,2.8,3.4,1.5,2.8,1.2,4.0,Backend Developer
8.2,8.6,3.7,1.3,1.9,1.9,9.0,3.8,1.2,1.8,3.2,3.2,1.1,1.9,3.2,3.5,2.9,2.6,Backend Developer
7.3,9.8,1.9,2.8,3.1,1.2,9.3,3.9,3.6,3.3,1.8,2.4,3.5,3.4,1.4,2.8,1.3,3.1,Backend Developer
8.9,9.6,1.1,3.3,1.2,2.4,8.7,1.4,1.4,2.2,3.9,3.9,1.2,3.2,1.2,3.9,3.2,3.3,Backend Developer
7.6,8.5,1.6,2.8,2.4,1.2,8.1,1.5,1.0,1.7,3.1,1.2,1.2,1.4,3.8,1.1,1.8,2.2,Backend Developer
9.3,9.1,1.7,2.2,1.8,2.7,8.2,1.4,2.8,3.0,2.7,2.8,3.2,2.7,3.5,3.9,3.2,2.3,Backend Developer
7.1,7.8,3.8,3.9,1.4,2.5,8.3,1.2,1.2,3.7,2.0,2.8,3.0,1.6,1.3,1.0,1.3,1.8,Backend Developer
9.5,7.4,2.0,1.8,1.8,1.6,8.2,3.7,2.2,3.1,1.3,2.7,1.2,1.5,2.6,2.7,3.1,2.6,Backend Developer
8.4,3.7,1.8,8.2,3.9,2.6,7.4,2.7,3.9,3.4,1.5,3.9,2.0,3.5,3.1,1.5,3.0,2.1,Full Stack Developer
9.6,3.7,3.0,9.3,2.1,1.1,9.8,1.1,2.9,3.8,2.7,3.5,2.4,1.3,1.5,2.3,1.7,1.4,Full Stack Developer
8.2,1.2,3.7,8.4,3.5,3.3,9.3,1.5,3.5,2.0,3.8,4.0,1.6,3.8,1.9,2.8,2.7,1.5,Full Stack Developer
7.9,3.5,2.3,8.8,3.9,2.3,8.2,2.3,2.3,3.7,3.9,3.3,3.8,1.5,3.2,1.2,1.7,1.3,Full Stack Developer
9.7,2.7,3.7,9.9,3.4,2.1,7.5,2.2,3.3,3.8,3.5,1.0,3.1,3.9,3.6,2.0,3.4,3.8,Full Stack Developer
7.6,2.2,1.5,8.4,1.2,1.9,8.5,1.9,1.6,3.0,1.5,1.1,3.1,1.4,1.8,2.6,1.1,3.9,Full Stack Developer
9.1,1.9,1.8,8.3,2.4,2.1,9.5,4.0,1.2,3.1,1.9,1.0,3.8,1.3,3.8,3.1,2.3,1.3,Full Stack Developer
9.4,3.6,3.5,9.6,3.8,1.9,9.5,2.0,3.8,2.9,3.3,1.3,3.3,3.7,2.8,3.8,1.3,2.4,Full Stack Developer
9.1,1.6,3.3,9.5,1.1,2.0,8.6,2.2,2.8,1.1,2.1,3.6,2.1,2.7,2.2,3.9,1.7,2.7,Full Stack Developer
8.6,1.5,2.8,9.5,3.5,3.6,7.9,2.1,3.5,2.3,3.5,2.4,1.6,1.3,2.1,1.7,2.3,2.4,Full Stack Developer
8.5,1.4,1.7,8.4,2.2,1.7,9.9,3.1,3.2,1.6,2.9,3.9,2.3,2.6,1.4,1.8,1.4,1.2,Full Stack Developer
9.5,3.4,2.8,8.9,1.4,1.6,8.6,1.1,1.6,3.2,2.1,2.5,2.3,1.1,2.0,2.1,1.2,4.0,Full Stack Developer
8.4,1.9,2.6,9.9,3.2,1.7,7.9,3.9,2.7,1.1,2.9,2.3,2.1,3.2,1.8,3.0,2.8,3.0,Full Stack Developer
8.9,3.5,1.7,8.3,3.9,3.3,9.9,3.0,2.6,2.3,1.4,3.9,3.5,1.4,4.0,3.1,2.9,1.5,Full Stack Developer
9.9,1.8,1.5,9.3,2.5,1.1,9.9,3.9,3.2,1.6,2.1,1.7,3.0,3.9,1.8,1.4,1.3,3.4,Full Stack Developer
7.3,1.7,2.9,8.7,1.3,2.1,7.9,3.7,3.3,2.6,1.1,2.7,2.3,3.6,1.3,1.9,3.3,2.3,Full Stack Developer
7.2,1.6,1.6,9.2,2.6,4.0,9.5,3.5,3.2,1.5,1.7,1.0,2.8,1.7,2.3,1.3,1.3,2.5,Full Stack Developer
8.0,2.3,2.7,9.7,1.4,1.9,8.0,3.7,1.6,1.3,2.2,3.9,3.3,2.5,3.2,2.3,2.7,2.3,Full Stack Developer
7.4,2.4,3.5,8.9,1.1,2.7,9.4,3.5,2.4,3.1,3.0,2.6,3.0,3.3,2.8,2.3,2.3,3.5,Full Stack Developer
9.6,3.9,3.1,9.1,2.6,1.7,7.1,1.5,3.4,1.7,4.0,3.5,1.2,2.9,1.7,2.0,4.0,3.3,Full Stack Developer
8.9,1.1,3.3,10.0,3.8,3.0,9.8,2.5,2.8,1.3,3.6,1.5,2.3,3.8,2.9,1.9,3.0,3.3,Full Stack Developer
7.3,2.1,3.3,9.0,3.3,3.4,9.7,1.6,2.3,1.6,1.2,2.9,3.8,2.5,1.5,3.5,1.1,2.1,Full Stack Developer
9.7,1.9,3.5,9.3,2.5,2.7,8.8,3.5,2.7,3.2,3.5,1.7,1.5,2.3,2.8,1.0,2.7,2.8,Full Stack Developer
9.6,1.7,3.4,9.3,2.6,3.0,8.1,3.4,3.9,3.3,3.1,2.8,1.9,1.2,3.3,2.8,2.1,1.2,Full Stack Developer
8.4,3.5,1.2,8.3,3.9,1.4,8.0,1.6,1.9,2.3,3.0,2.3,1.2,1.9,2.9,3.4,1.2,2.0,Full Stack Developer
9.9,2.8,3.7,8.9,2.5,1.5,9.3,3.8,3.4,3.5,1.7,1.3,2.6,2.2,2.8,3.6,2.8,2.1,Full Stack Developer
9.1,1.7,3.3,9.4,1.6,3.6,8.5,1.5,1.1,3.0,2.1,3.1,3.0,3.2,3.1,1.8,3.4,1.2,Full Stack Developer
8.6,1.4,3.9,8.9,2.7,1.3,7.2,2.5,2.9,3.1,3.4,1.1,1.2,1.4,3.1,2.8,1.5,3.0,Full Stack Developer
7.6,3.6,3.6,9.9,2.1,3.6,7.8,2.4,2.2,2.0,3.3,2.8,3.5,2.5,4.0,3.4,1.5,2.4,Full Stack Developer
7.3,1.2,3.0,10.0,1.3,2.6,9.7,3.1,1.9,3.7,3.6,3.2,2.5,3.9,1.4,3.7,1.6,2.6,Full Stack Developer
7.2,3.2,2.0,8.8,1.4,3.6,7.2,3.2,1.7,3.3,1.5,3.1,1.3,2.8,3.1,1.9,3.1,1.1,Full Stack Developer
8.3,2.1,2.6,9.1,2.7,1.3,9.4,3.3,2.1,1.9,2.1,1.3,3.9,3.5,1.2,3.2,1.0,1.1,Full Stack Developer
7.9,1.4,1.2,9.6,1.1,1.8,8.8,4.0,1.4,2.8,2.0,1.8,2.5,1.0,2.3,3.2,1.1,2.1,Full Stack Developer
7.9,3.7,1.2,8.9,2.7,1.1,8.2,3.0,3.9,3.7,3.3,3.2,1.9,1.1,3.8,4.0,1.6,3.1,Full Stack Developer
9.9,2.0,3.4,8.2,1.6,1.0,9.8,1.8,2.1,1.6,3.0,3.2,2.5,3.2,1.2,1.4,2.1,3.9,Full Stack Developer
8.9,2.1,2.8,8.6,4.0,3.2,9.8,2.1,1.0,1.8,3.0,3.8,1.1,1.9,1.2,3.7,1.8,2.5,Full Stack Developer
7.6,3.5,3.9,9.9,3.7,2.5,8.5,3.0,1.7,3.0,3.4,1.1,2.6,3.7,1.2,2.1,2.7,2.8,Full Stack Developer
8.9,2.4,1.8,8.0,2.8,1.2,7.8,3.6,2.0,1.5,3.0,2.4,3.7,1.7,3.7,3.0,3.4,2.3,Full Stack Developer
8.4,1.8,2.2,9.6,3.7,3.7,9.4,3.0,2.6,3.6,2.7,3.4,3.2,3.1,2.5,2.4,1.1,2.2,Full Stack Developer
7.1,2.1,3.2,8.4,1.8,3.0,9.8,1.1,1.3,3.3,3.7,2.2,3.3,3.9,3.2,2.5,2.4,2.2,Full Stack Developer
9.7,1.5,1.7,9.8,3.5,2.0,8.2,1.8,1.9,2.2,2.2,1.3,1.6,1.0,3.2,3.1,3.2,1.5,Full Stack Developer
9.4,3.8,2.1,8.9,3.5,2.8,9.9,1.9,1.3,3.5,2.3,2.4,3.2,2.0,2.1,1.1,3.2,1.1,Full Stack Developer
7.5,2.1,2.2,8.0,3.4,3.3,7.8,2.2,1.9,3.4,2.1,3.4,2.8,1.8,3.5,1.2,3.3,1.3,Full Stack Developer
7.1,2.6,2.7,9.8,2.9,3.4,8.1,1.8,2.6,1.5,3.5,1.4,2.6,1.2,3.7,1.1,3.3,2.7,Full Stack Developer
9.7,2.4,1.3,8.8,1.5,3.5,7.7,1.7,1.4,1.0,2.7,2.3,3.7,2.9,2.2,3.0,1.7,2.3,Full Stack Developer
8.8,2.7,2.7,8.5,3.8,3.2,9.6,2.0,3.3,2.1,1.8,2.1,1.1,1.6,1.1,2.5,2.6,1.6,Full Stack Developer
7.2,2.3,1.1,8.4,1.6,3.7,9.6,1.7,1.3,3.3,3.4,3.2,2.2,1.0,2.7,3.1,1.1,3.7,Full Stack Developer
7.9,2.8,3.7,9.9,3.8,3.8,7.1,3.7,3.0,2.3,1.0,2.8,2.3,2.1,3.5,1.7,2.7,3.9,Full Stack Developer
8.1,1.2,1.4,9.2,1.2,2.8,9.6,3.9,1.0,3.7,2.3,1.3,2.7,3.2,1.3,1.9,2.5,1.4,Full Stack Developer
9.6,3.0,2.5,8.1,3.2,1.2,8.9,2.5,1.1,2.2,2.2,2.5,1.4,2.2,4.0,2.0,1.1,1.9,Full Stack Developer
9.2,3.7,3.1,9.9,1.3,3.7,7.3,2.0,3.0,2.3,2.3,2.3,3.8,2.3,3.6,1.5,1.1,1.5,Full Stack Developer
8.2,4.0,4.0,9.0,2.8,3.6,9.6,1.9,2.6,2.4,2.9,3.8,3.5,2.2,2.9,2.3,3.5,3.6,Full Stack Developer
9.1,1.2,3.8,10.0,2.7,1.7,8.7,3.1,4.0,2.1,1.8,3.6,2.0,1.9,2.2,1.0,3.7,3.7,Full Stack Developer
8.7,2.7,1.9,8.1,3.6,3.3,8.2,3.7,1.8,1.7,1.3,3.6,1.2,2.7,3.4,1.7,1.8,1.7,Full Stack Developer
7.8,2.0,2.8,8.9,3.7,1.8,7.6,2.0,3.5,1.4,2.0,2.4,1.1,1.5,1.8,2.7,3.4,3.4,Full Stack Developer
10.0,3.8,1.7,8.6,3.0,2.5,8.8,3.7,1.7,1.6,1.3,3.0,2.2,2.1,1.1,1.1,1.0,1.6,Full Stack Developer
8.4,1.9,1.3,9.5,1.3,1.5,9.9,3.0,3.5,3.5,3.0,3.4,3.6,4.0,2.7,2.3,1.4,3.6,Full Stack Developer
8.3,1.9,3.7,8.0,1.2,3.6,7.7,3.5,2.4,2.2,4.0,3.1,1.4,3.5,2.2,1.8,2.1,2.4,Full Stack Developer
8.8,1.2,3.0,8.9,3.1,1.9,9.3,3.8,1.7,4.0,3.8,2.2,3.5,2.4,2.3,3.7,1.8,3.0,Full Stack Developer
7.3,3.8,2.2,8.1,3.2,3.6,8.5,1.7,2.0,3.8,1.6,2.5,2.8,2.0,1.1,1.3,1.6,1.4,Full Stack Developer
8.5,3.4,3.7,9.2,3.0,3.0,9.0,1.2,2.1,3.6,1.8,2.4,2.4,2.3,2.0,2.0,3.4,3.7,Full Stack Developer
8.2,2.2,2.4,9.6,2.0,2.3,7.5,3.6,2.9,2.2,2.3,2.7,2.6,3.6,2.8,3.4,1.4,1.0,Full Stack Developer
8.6,1.4,3.5,9.6,3.7,2.0,9.7,2.2,3.0,2.4,2.3,3.0,3.1,2.8,1.7,3.1,1.8,1.4,Full Stack Developer
7.1,3.7,2.8,9.1,2.6,3.5,9.6,3.9,3.2,1.1,1.9,1.4,2.9,3.2,3.0,3.0,2.8,1.3,Full Stack Developer
8.7,3.1,2.5,9.7,1.6,2.2,9.7,1.5,4.0,1.6,2.2,3.1,1.1,2.7,2.3,3.8,1.9,2.6,Full Stack Developer
9.4,3.8,2.7,8.5,1.6,1.4,8.3,3.3,4.0,2.9,2.6,3.0,2.3,3.8,1.5,3.7,1.1,2.3,Full Stack Developer
7.9,2.5,2.7,8.6,3.5,1.1,9.4,2.8,3.5,2.4,3.6,3.5,3.3,1.9,1.8,2.0,2.3,2.7,Full Stack Developer
7.4,2.4,1.3,9.2,2.3,1.4,9.7,2.2,2.3,1.5,1.8,1.7,1.0,3.5,3.6,2.3,2.7,1.8,Full Stack Developer
7.1,2.8,1.1,8.7,3.0,1.8,8.1,3.9,2.8,3.9,3.3,3.2,1.5,2.1,1.4,2.2,3.1,3.6,Full Stack Developer
8.3,3.3,1.1,9.3,3.1,2.8,7.0,3.9,2.6,2.7,1.3,2.5,3.5,2.5,4.0,2.1,2.0,2.2,Full Stack Developer
9.1,1.8,3.7,4.0,9.5,8.3,2.7,1.9,2.3,1.7,2.0,3.7,1.9,2.5,1.7,1.9,2.7,3.3,Data Scientist
9.9,2.5,3.5,3.1,8.8,8.4,2.9,3.7,3.4,2.6,3.8,3.8,3.3,2.2,1.0,1.6,2.2,3.3,Data Scientist
8.4,3.2,3.9,3.1,8.4,9.3,3.6,3.2,2.6,1.9,1.4,2.3,2.3,2.0,3.2,3.0,3.7,2.6,Data Scientist
8.8,3.6,1.5,3.8,10.0,9.2,4.0,2.8,1.4,2.8,3.7,3.4,3.8,1.9,2.4,4.0,3.2,3.6,Data Scientist
8.9,1.1,3.5,2.1,9.0,9.6,2.6,2.1,1.8,2.1,1.8,3.3,1.8,2.2,2.5,1.7,2.2,2.9,Data Scientist
9.3,2.3,2.1,3.0,9.7,9.4,3.6,2.0,4.0,3.1,2.6,3.2,1.6,2.4,2.8,1.8,3.6,3.0,Data Scientist
8.0,3.1,3.6,2.3,9.6,9.6,1.2,3.8,2.5,1.3,3.8,3.7,1.3,1.2,3.3,1.5,3.2,1.2,Data Scientist
9.8,2.1,1.7,3.4,9.6,8.9,2.1,1.8,3.4,2.9,1.0,2.5,2.5,2.6,2.8,2.4,3.1,1.8,Data Scientist
8.0,3.1,2.9,2.8,9.8,9.8,2.0,1.4,1.4,1.5,2.1,3.1,3.6,3.1,3.5,2.4,2.6,1.9,Data Scientist
8.5,1.3,1.5,4.0,9.4,9.5,2.4,2.4,2.9,1.6,1.1,2.2,2.6,2.9,2.9,3.4,3.6,1.4,Data Scientist
8.5,1.6,1.9,1.8,8.5,9.3,2.0,1.4,1.2,3.0,1.0,2.6,3.8,2.1,3.2,1.6,2.4,3.5,Data Scientist
9.1,2.6,2.0,4.0,8.1,8.2,2.9,3.9,2.4,2.2,2.2,2.0,3.4,2.2,1.6,1.2,3.8,3.5,Data Scientist
8.6,3.9,3.5,1.4,8.6,9.4,2.6,2.3,3.9,1.6,1.2,3.2,1.8,2.7,2.4,3.7,1.6,2.7,Data Scientist
8.2,3.5,2.6,2.5,9.2,9.1,2.2,1.8,1.0,4.0,1.3,1.3,2.4,2.6,2.9,1.1,3.7,3.7,Data Scientist
8.6,3.3,1.9,1.4,9.5,10.0,2.0,3.8,3.8,2.0,3.8,3.9,2.8,2.6,1.6,2.6,2.3,3.4,Data Scientist
10.0,2.4,2.7,3.8,9.4,9.9,3.9,1.3,3.1,3.8,3.1,1.9,2.0,3.4,2.1,1.6,1.9,1.5,Data Scientist
8.2,2.4,2.0,1.6,9.6,8.7,4.0,3.7,2.1,3.3,2.1,2.0,1.5,2.7,2.4,2.7,2.3,3.6,Data Scientist
8.2,3.6,3.4,3.1,10.0,8.4,2.8,2.0,2.9,3.3,2.1,2.7,3.9,2.7,1.6,2.0,2.1,3.9,Data Scientist
9.5,2.6,2.8,1.7,8.8,8.6,3.4,2.4,2.3,3.6,1.1,2.0,2.6,2.3,3.6,1.1,3.6,3.9,Data Scientist
10.0,2.1,1.8,2.9,9.6,8.5,3.9,2.2,1.9,2.2,1.9,1.1,2.6,3.0,2.4,3.1,3.8,1.7,Data Scientist
9.0,3.1,2.3,3.6,9.1,9.1,1.1,2.9,1.3,1.1,1.3,2.9,2.6,3.3,2.9,2.9,2.9,3.1,Data Scientist
8.7,2.5,1.5,3.0,8.8,8.2,3.5,3.5,1.0,3.0,1.3,3.2,3.9,1.3,3.8,3.9,3.0,3.1,Data Scientist
8.4,3.5,2.7,2.9,8.7,9.2,2.4,2.4,3.7,3.4,4.0,2.0,1.5,3.6,1.2,2.5,3.9,3.6,Data Scientist
9.0,2.7,2.9,2.5,8.5,9.5,2.2,2.8,1.8,2.9,2.0,3.3,2.5,2.1,2.6,3.9,3.7,2.7,Data Scientist
8.8,1.6,1.5,2.9,9.8,9.1,1.4,1.1,3.6,3.3,1.7,1.7,3.2,2.9,1.3,1.9,2.2,2.2,Data Scientist
8.6,3.0,3.3,3.6,9.1,8.2,2.4,2.6,2.0,1.3,1.9,1.5,3.8,1.7,3.6,3.9,1.9,2.6,Data Scientist
8.7,1.9,3.0,3.6,8.8,9.4,3.8,2.6,2.6,3.4,1.2,2.0,4.0,1.3,2.4,3.5,1.5,3.0,Data Scientist
9.3,3.6,2.5,3.7,8.5,8.5,2.7,2.0,1.5,2.1,3.7,2.0,3.1,2.4,3.4,3.5,1.3,2.2,Data Scientist
8.3,2.7,2.0,1.1,8.5,8.7,2.4,1.4,1.9,3.0,1.9,3.8,3.9,2.8,1.6,1.6,2.5,3.3,Data Scientist
9.3,1.8,2.0,2.0,9.3,8.9,3.0,1.3,1.2,1.7,2.2,3.9,1.3,2.3,2.3,3.9,2.3,1.1,Data Scientist
9.0,1.1,3.4,3.9,9.5,8.5,3.1,3.2,3.6,2.4,1.8,2.8,3.3,2.2,1.7,1.3,2.3,2.3,Data Scientist
9.2,1.1,2.5,1.2,8.4,9.7,1.0,1.5,3.7,3.8,3.2,1.6,3.2,3.3,3.5,1.9,2.1,1.5,Data Scientist
8.8,2.1,1.8,3.8,8.2,9.0,3.3,3.9,1.8,1.8,3.2,2.2,1.8,1.7,2.8,4.0,1.6,1.5,Data Scientist
9.7,2.9,2.8,1.8,8.1,8.8,2.8,3.4,1.8,1.7,3.3,2.6,2.9,2.4,1.2,2.4,2.9,2.9,Data Scientist
9.9,3.5,3.8,3.0,8.0,9.0,2.3,3.2,3.4,2.7,2.8,2.9,3.1,1.4,2.3,3.2,2.6,2.7,Data Scientist
8.0,1.3,1.7,3.1,8.1,9.3,3.4,1.0,2.0,1.4,1.8,2.3,2.5,2.6,1.1,1.6,4.0,2.6,Data Scientist
9.6,3.1,2.2,1.1,8.8,8.6,1.0,2.4,3.0,2.3,2.5,1.6,2.8,2.5,3.1,2.6,2.3,2.1,Data Scientist
8.9,2.4,2.1,2.0,8.9,9.1,2.2,1.0,3.3,1.4,1.6,3.8,1.4,1.5,1.8,1.3,1.4,2.8,Data Scientist
8.2,2.2,3.8,2.0,8.5,9.0,2.8,1.6,2.8,1.3,1.9,2.2,3.1,2.2,3.9,2.0,3.4,2.1,Data Scientist
8.7,2.9,3.4,2.3,8.9,8.5,2.3,3.8,2.2,1.6,1.3,1.7,1.2,1.8,2.7,2.1,1.4,1.8,Data Scientist
9.8,3.6,3.9,1.6,9.6,9.6,4.0,3.3,2.4,3.7,3.0,1.4,1.1,3.0,2.0,3.4,1.9,1.4,Data Scientist
8.8,3.0,3.7,1.9,8.2,8.4,1.5,3.6,2.6,3.7,1.6,1.2,3.1,1.5,1.3,1.8,1.5,2.5,Data Scientist
8.3,3.9,2.0,3.7,9.7,8.7,2.4,1.9,1.4,3.9,1.1,1.3,2.0,1.4,3.9,1.6,3.8,3.7,Data Scientist
8.5,3.8,3.1,3.9,9.0,9.5,3.8,3.9,3.3,3.8,2.8,3.7,1.4,3.7,2.8,2.2,2.0,2.9,Data Scientist
8.3,3.5,3.9,1.8,8.0,9.4,2.2,1.8,3.8,2.5,3.0,1.9,2.6,1.6,3.6,1.2,3.1,1.3,Data Scientist
8.3,3.4,3.5,1.3,8.4,8.2,2.2,1.5,1.6,2.0,2.0,2.7,3.6,1.3,1.5,1.8,3.9,3.2,Data Scientist
9.1,2.0,2.4,1.1,8.3,8.3,1.8,3.7,3.4,3.4,1.8,3.6,3.9,2.1,3.2,3.8,3.5,1.3,Data Scientist
9.2,1.8,2.5,1.3,9.1,9.9,1.9,2.1,3.2,3.1,1.6,3.5,3.5,3.6,2.6,2.7,3.6,3.1,Data Scientist
8.0,2.6,2.1,2.8,8.2,9.5,1.9,2.1,2.0,1.5,3.6,1.4,3.2,2.8,2.0,3.0,2.7,2.8,Data Scientist
8.2,2.6,2.6,3.1,9.1,9.6,1.9,2.1,1.1,2.2,2.8,1.6,2.0,1.2,1.1,3.8,3.3,3.1,Data Scientist
8.8,3.1,1.8,2.2,9.6,9.8,2.1,1.4,2.6,1.9,3.1,3.0,1.4,1.1,1.4,1.1,3.5,2.1,Data Scientist
9.1,2.2,1.8,2.9,9.9,9.9,3.0,3.3,1.8,3.2,2.6,4.0,3.9,1.4,3.9,2.5,2.2,3.6,Data Scientist
9.0,3.5,3.5,3.4,8.8,9.5,2.2,3.0,1.6,1.1,2.7,1.1,1.7,2.0,1.9,3.3,3.5,2.0,Data Scientist
9.6,2.5,3.9,1.6,8.1,8.9,2.8,2.6,2.5,2.7,2.8,2.0,3.2,1.5,3.6,2.3,3.3,2.7,Data Scientist
8.1,2.1,2.5,1.8,8.4,9.6,1.2,2.7,2.6,3.4,2.6,2.7,2.0,2.2,2.8,3.7,3.4,3.6,Data Scientist
8.6,1.8,2.2,1.8,9.1,9.0,1.4,1.9,1.3,2.5,3.2,2.6,3.3,1.2,1.9,1.7,1.2,2.9,Data Scientist
8.6,2.8,1.0,1.4,8.5,8.0,2.5,2.2,2.0,1.3,1.2,1.4,3.9,2.1,3.9,3.5,3.3,1.9,Data Scientist
9.5,3.6,2.2,1.5,8.7,9.1,3.1,2.9,1.8,3.6,2.3,3.2,3.2,2.1,3.1,2.0,4.0,1.1,Data Scientist
9.9,2.2,3.2,3.5,9.9,8.7,1.3,2.5,2.4,3.5,2.4,3.4,2.9,3.2,1.0,4.0,2.2,3.2,Data Scientist
9.9,2.8,1.5,2.5,9.3,10.0,2.8,2.3,3.0,3.5,2.0,3.3,3.6,3.3,2.8,1.6,2.9,2.6,Data Scientist
8.6,1.5,1.8,2.7,8.9,8.4,3.3,2.7,2.6,1.7,3.1,1.8,2.9,1.0,2.0,2.4,1.8,3.0,Data Scientist
8.4,2.9,3.8,4.0,9.4,8.4,2.6,1.6,3.5,2.7,1.8,1.5,3.4,2.2,3.8,2.9,2.1,1.5,Data Scientist
9.0,3.7,2.2,3.8,9.3,9.8,1.7,4.0,2.3,1.6,1.3,1.3,1.1,2.6,1.9,1.4,2.7,3.1,Data Scientist
8.5,2.5,3.9,3.3,8.2,8.9,2.5,3.4,4.0,1.3,3.8,3.3,1.9,2.4,2.5,1.6,3.9,3.2,Data Scientist
8.8,1.3,1.5,1.7,8.8,8.9,3.9,2.8,2.6,2.3,1.9,3.9,1.9,1.8,2.2,1.6,2.1,1.8,Data Scientist
8.9,2.9,3.9,3.7,9.4,8.2,2.3,3.0,2.1,2.1,1.0,1.9,4.0,1.3,2.4,3.5,1.1,3.5,Data Scientist
8.9,3.0,2.8,1.9,9.7,8.4,3.2,2.3,2.4,2.8,3.0,3.6,1.1,2.4,1.0,2.9,1.8,2.9,Data Scientist
9.9,2.2,3.5,1.6,8.2,9.2,2.5,3.9,2.3,2.6,3.2,3.5,3.8,1.6,3.7,3.9,2.8,1.6,Data Scientist
8.7,2.5,1.6,1.5,9.3,8.4,3.1,3.5,3.7,1.1,2.4,2.5,1.9,3.0,1.8,3.5,3.1,1.8,Data Scientist
8.1,1.1,1.7,2.6,8.9,9.8,3.3,3.5,2.5,2.0,3.5,3.1,1.7,2.3,3.8,2.6,2.9,3.3,Data Scientist
9.0,2.5,3.7,1.7,2.9,2.4,3.3,9.8,2.8,2.0,3.3,2.9,2.3,3.9,3.2,1.8,2.5,2.1,Cloud Engineer
7.3,3.1,1.1,1.7,2.7,2.0,3.9,8.6,1.7,2.9,1.3,1.4,3.0,2.4,2.2,2.7,2.6,3.2,Cloud Engineer
7.7,1.8,3.4,2.4,2.6,3.1,1.3,8.4,2.3,2.2,3.0,2.6,3.1,2.2,2.3,3.3,2.1,1.7,Cloud Engineer
8.5,1.1,2.2,3.4,3.0,2.8,1.4,9.2,2.0,2.5,3.8,2.3,2.1,2.0,1.7,2.7,1.5,1.4,Cloud Engineer
8.6,1.8,3.3,1.7,1.7,2.9,2.8,9.6,1.9,2.5,2.7,1.7,3.6,1.4,2.0,2.9,3.8,2.3,Cloud Engineer
6.9,4.0,1.4,3.9,1.8,2.1,2.6,8.6,3.6,3.0,2.3,1.5,2.3,2.5,3.8,2.3,2.6,3.4,Cloud Engineer
7.7,1.1,4.0,2.4,3.1,1.4,3.6,8.4,1.6,1.4,1.1,1.6,2.9,1.7,3.2,3.7,3.3,2.6,Cloud Engineer
6.9,4.0,2.4,3.5,3.0,3.3,3.1,8.5,3.2,2.6,2.9,3.5,3.8,2.3,2.2,3.5,2.1,1.3,Cloud Engineer
7.3,3.4,2.7,2.7,3.5,1.5,3.0,8.0,3.8,2.8,3.7,3.7,4.0,3.3,1.8,3.4,2.5,3.8,Cloud Engineer
6.8,3.7,3.5,1.4,3.5,2.4,2.0,8.9,1.5,4.0,2.2,3.5,3.2,2.7,1.5,3.1,2.7,3.8,Cloud Engineer
6.2,1.3,3.3,3.0,1.3,3.8,1.0,8.3,3.4,1.7,1.9,2.1,1.7,2.3,2.6,1.4,3.2,3.4,Cloud Engineer
8.0,3.3,3.2,2.0,3.2,1.6,3.2,9.3,1.8,1.8,2.8,2.6,2.3,3.6,1.7,3.4,3.8,2.6,Cloud Engineer
6.9,2.3,2.8,1.7,3.8,1.9,3.3,9.7,1.7,2.1,2.0,3.1,2.6,2.8,2.9,1.8,3.1,1.7,Cloud Engineer
6.5,2.4,3.5,1.7,2.9,2.5,3.4,8.3,1.8,2.4,3.4,2.8,1.8,3.6,3.3,2.9,2.6,2.5,Cloud Engineer
7.5,3.3,1.5,1.4,4.0,1.2,3.8,9.7,2.6,1.5,2.1,2.9,2.6,1.7,2.6,2.2,3.7,1.1,Cloud Engineer
6.6,2.7,1.9,3.4,2.6,2.2,2.1,9.7,3.8,2.3,3.2,3.3,3.7,3.7,3.3,1.9,2.7,2.6,Cloud Engineer
8.4,2.7,1.3,2.8,2.7,2.5,3.1,8.7,1.4,2.7,3.3,1.8,2.1,1.7,3.6,1.4,3.7,1.1,Cloud Engineer
8.4,1.1,3.1,3.7,3.1,3.0,1.5,10.0,1.2,1.1,1.1,2.6,1.6,3.2,2.1,1.1,3.3,1.5,Cloud Engineer
8.1,2.3,3.5,2.5,1.7,1.2,3.9,8.5,1.6,2.0,3.5,1.5,2.4,3.1,1.9,2.1,2.2,1.4,Cloud Engineer
8.6,3.7,2.2,3.0,3.6,1.7,2.0,9.5,3.9,2.1,2.8,3.9,2.7,3.4,2.2,1.5,1.7,3.0,Cloud Engineer
7.4,1.3,3.3,1.5,1.1,3.8,3.2,9.3,3.6,2.9,3.4,4.0,4.0,1.0,2.0,1.4,1.2,3.6,Cloud Engineer
6.8,1.8,2.9,1.4,1.6,1.4,4.0,8.6,3.8,2.6,1.9,2.1,3.9,3.7,2.6,3.3,1.0,1.6,Cloud Engineer
7.1,3.1,3.2,1.7,2.4,1.9,3.0,9.0,2.7,2.1,4.0,3.5,1.6,3.1,2.1,3.7,3.4,2.5,Cloud Engineer
7.9,3.3,1.3,2.1,2.2,3.3,3.7,9.8,2.0,2.4,1.4,3.5,3.1,2.2,1.8,3.1,3.7,4.0,Cloud Engineer
7.7,2.2,1.2,3.7,1.2,3.0,3.1,8.1,2.4,2.6,2.6,2.9,1.0,3.1,3.8,1.9,3.1,3.8,Cloud Engineer
6.8,1.7,2.4,3.2,1.4,3.4,1.4,9.4,1.3,1.7,4.0,2.7,3.3,2.9,1.4,1.7,2.3,3.6,Cloud Engineer
7.0,3.5,1.9,2.8,3.9,2.0,2.7,8.2,3.7,1.6,3.8,2.6,3.1,2.5,1.9,3.2,3.8,2.2,Cloud Engineer
6.6,1.1,2.8,1.7,3.6,2.1,2.3,8.9,2.2,2.8,3.0,1.1,3.3,1.4,2.4,2.5,2.1,3.4,Cloud Engineer
8.3,3.0,1.8,3.8,3.4,2.9,1.3,9.8,2.1,1.0,3.9,4.0,3.2,3.4,1.0,2.7,3.3,3.1,Cloud Engineer
6.6,1.5,3.6,3.0,1.2,1.2,2.9,9.1,1.5,2.9,3.2,4.0,2.8,1.9,2.6,3.6,3.5,3.0,Cloud Engineer
7.2,4.0,2.9,3.9,3.4,3.5,1.8,8.7,1.3,2.1,2.3,2.3,3.6,3.4,3.2,2.4,2.3,2.7,Cloud Engineer
7.9,1.0,3.8,2.5,3.2,2.9,1.4,8.2,3.5,3.7,3.3,2.1,3.6,3.5,4.0,3.3,2.7,3.7,Cloud Engineer
8.1,3.1,3.3,2.7,2.0,1.9,3.2,8.2,3.0,3.4,1.8,2.2,1.5,2.6,1.2,3.2,3.1,2.5,Cloud Engineer
8.9,2.0,2.2,3.1,3.2,1.1,3.4,9.2,3.7,3.6,3.0,2.7,2.0,1.8,2.5,2.0,1.2,2.2,Cloud Engineer
8.2,3.3,3.0,2.6,3.3,2.5,2.7,8.3,3.2,1.7,3.1,3.4,2.0,3.4,3.0,3.9,2.5,2.6,Cloud Engineer
7.3,1.9,3.5,3.8,4.0,1.4,2.6,9.3,1.3,2.6,3.6,3.5,3.3,1.3,3.1,2.6,1.9,3.5,Cloud Engineer
6.6,3.7,3.1,2.2,3.2,3.5,3.4,8.4,3.0,4.0,1.1,2.9,2.5,2.4,2.7,2.9,2.1,1.9,Cloud Engineer
8.4,3.9,2.5,1.2,1.3,3.4,1.9,9.1,1.6,1.1,2.6,3.1,2.4,2.0,2.4,1.8,3.5,3.7,Cloud Engineer
6.9,1.7,2.4,2.5,2.6,1.9,1.9,9.2,1.6,2.5,2.6,3.3,1.1,1.6,4.0,3.3,2.9,3.0,Cloud Engineer
8.2,1.0,1.1,3.6,1.9,1.3,1.5,9.7,2.8,1.1,1.6,1.4,1.7,2.6,3.7,1.8,1.4,2.4,Cloud Engineer
6.5,1.0,3.0,2.6,1.8,3.9,3.7,9.9,1.5,2.0,1.4,2.0,1.8,3.0,1.9,1.4,1.3,3.3,Cloud Engineer
8.7,3.6,2.2,3.8,1.1,3.8,1.2,8.2,1.0,1.8,2.5,2.2,1.7,3.1,2.8,1.6,3.3,3.3,Cloud Engineer
7.2,2.7,3.4,2.7,3.8,2.3,1.8,8.8,2.7,1.2,2.6,3.2,2.7,3.5,2.1,1.9,2.6,2.5,Cloud Engineer
7.8,3.2,3.2,3.7,2.2,2.7,2.1,8.9,1.1,3.7,1.9,4.0,1.4,1.6,1.1,2.2,2.3,1.6,Cloud Engineer
9.0,2.2,3.9,3.1,2.5,3.3,1.9,9.3,3.9,2.7,1.5,2.0,3.1,3.7,3.7,1.4,1.0,2.6,Cloud Engineer
7.7,3.0,1.8,1.9,3.6,2.7,1.1,8.0,2.9,1.9,1.6,1.2,1.4,1.1,1.5,3.1,2.6,2.3,Cloud Engineer
6.8,1.5,1.5,2.5,2.0,1.3,3.6,9.0,1.7,2.4,3.5,3.4,3.5,2.9,2.2,2.1,3.1,2.1,Cloud Engineer
6.2,3.3,2.2,3.6,1.8,2.8,2.2,8.1,1.2,3.1,3.8,3.4,1.7,1.9,2.6,3.1,3.2,2.0,Cloud Engineer
8.3,2.0,1.5,3.0,1.2,3.8,3.9,8.1,2.1,1.9,1.1,2.8,1.8,2.0,3.3,2.1,2.0,3.3,Cloud Engineer
7.7,3.5,1.0,2.7,3.7,2.5,1.2,8.8,1.6,2.1,1.1,2.9,3.3,2.4,2.4,3.5,2.8,1.0,Cloud Engineer
8.8,1.5,1.6,1.7,2.5,3.3,2.4,9.1,3.5,2.9,3.0,2.2,1.6,1.6,3.6,3.6,1.8,1.7,Cloud Engineer
7.4,1.1,3.0,3.1,3.2,2.8,2.6,8.2,3.7,2.7,1.6,3.9,2.1,2.6,1.2,3.2,2.5,1.4,Cloud Engineer
7.4,2.2,1.2,1.2,1.8,1.5,1.9,9.8,3.4,1.2,1.5,2.4,2.1,3.8,1.1,4.0,3.4,1.4,Cloud Engineer
6.8,2.7,4.0,2.5,2.5,3.5,1.7,9.8,2.5,3.9,3.6,1.7,3.1,1.7,2.9,3.6,1.6,2.6,Cloud Engineer
8.7,3.1,1.1,1.4,1.8,2.6,3.1,9.1,3.5,3.5,2.9,3.4,3.9,2.5,3.3,3.3,2.8,2.0,Cloud Engineer
8.5,2.4,3.6,2.5,3.8,1.3,3.8,8.6,2.1,1.7,2.5,4.0,2.0,3.5,1.1,2.9,1.7,2.4,Cloud Engineer
7.2,1.4,3.8,3.2,1.2,1.7,3.5,8.4,1.1,1.3,2.8,2.5,2.7,1.0,1.9,3.9,2.4,2.7,Cloud Engineer
8.1,1.1,2.6,2.2,3.9,3.7,1.5,8.2,2.2,2.2,2.7,1.9,1.3,2.6,3.9,3.3,3.2,3.0,Cloud Engineer
6.7,1.9,1.1,3.1,3.1,2.5,3.0,8.9,3.5,1.0,2.2,3.5,2.2,3.0,1.1,1.6,2.7,1.3,Cloud Engineer
7.7,1.2,1.2,2.5,1.3,2.4,1.7,8.2,1.2,3.7,2.4,1.6,3.1,2.2,3.5,1.5,1.1,2.2,Cloud Engineer
8.0,4.0,1.9,2.8,3.9,2.2,3.2,9.0,3.9,1.5,2.4,2.3,3.7,2.6,1.3,2.3,1.9,3.2,Cloud Engineer
7.9,2.7,3.0,3.3,2.4,1.2,2.6,8.1,2.5,3.5,2.3,2.4,1.7,2.4,1.7,3.0,2.7,1.5,Cloud Engineer
6.7,1.8,3.8,3.1,3.9,1.8,1.1,8.7,2.9,2.3,4.0,2.3,3.2,2.6,2.9,1.6,2.1,1.6,Cloud Engineer
6.5,1.2,3.2,1.1,1.8,3.1,2.3,8.9,3.3,3.7,2.2,3.3,3.2,3.3,3.3,3.8,2.6,1.1,Cloud Engineer
8.7,2.5,2.8,3.9,2.6,1.9,2.2,8.4,3.8,1.1,1.6,3.9,4.0,2.5,3.4,2.4,3.9,2.4,Cloud Engineer
8.6,2.2,3.8,2.3,1.4,4.0,3.3,9.2,3.4,2.2,1.4,1.4,1.8,1.5,2.1,1.2,3.4,3.2,Cloud Engineer
7.0,2.0,3.6,3.8,2.0,1.1,1.3,8.5,2.8,1.7,2.5,2.4,1.7,1.8,2.0,3.6,2.7,3.0,Cloud Engineer
7.9,1.8,3.2,2.0,3.5,1.3,2.7,8.5,1.8,1.2,1.8,1.4,3.0,3.1,1.9,3.1,2.1,2.2,Cloud Engineer
7.2,3.2,3.2,2.0,3.7,3.6,2.6,9.3,1.5,2.0,2.4,1.0,2.5,3.3,1.2,3.5,2.2,2.5,Cloud Engineer
7.7,1.7,2.7,2.2,2.8,2.5,3.8,8.4,2.1,3.4,3.1,1.2,2.8,2.8,1.4,1.9,1.2,2.1,Cloud Engineer
1.9,3.2,3.8,2.7,1.2,1.1,3.4,1.6,9.8,1.2,3.4,1.1,2.6,9.8,1.1,1.2,3.4,2.4,Cybersecurity Analyst
2.1,1.8,3.7,2.3,2.1,3.3,2.1,2.9,9.3,2.7,3.0,3.8,1.4,9.0,2.7,3.0,4.0,1.9,Cybersecurity Analyst
2.7,2.7,1.4,2.4,2.3,1.4,3.0,2.3,9.6,1.1,3.5,2.2,1.2,9.2,3.2,1.3,2.3,1.3,Cybersecurity Analyst
2.7,2.7,3.5,2.6,1.5,2.0,1.5,1.6,8.3,2.8,3.0,2.2,1.3,8.8,1.2,3.8,3.0,2.8,Cybersecurity Analyst
2.0,3.5,2.8,2.8,3.4,1.8,3.0,3.9,9.3,1.9,2.6,3.6,3.7,8.9,1.8,3.1,1.5,3.1,Cybersecurity Analyst
3.2,1.7,3.7,1.3,1.5,4.0,3.0,1.2,9.7,2.3,2.3,3.0,3.4,8.2,3.3,1.9,1.4,3.0,Cybersecurity Analyst
3.6,3.5,1.7,2.4,2.8,1.2,2.8,2.2,9.2,4.0,2.9,3.2,2.4,8.8,1.1,3.4,2.8,2.3,Cybersecurity Analyst
3.7,2.7,1.9,1.6,3.0,1.3,1.3,2.3,8.5,2.6,3.1,2.7,3.6,8.9,3.1,3.0,2.4,2.4,Cybersecurity Analyst
1.1,2.6,1.6,1.9,2.8,1.5,2.0,3.1,9.6,1.8,2.0,2.7,1.2,9.6,1.1,3.2,1.6,3.3,Cybersecurity Analyst
1.1,2.6,1.2,1.5,1.3,1.2,2.6,1.1,10.0,2.1,1.5,1.4,3.8,8.7,2.4,2.1,3.6,1.8,Cybersecurity Analyst
1.0,1.1,2.8,3.6,3.3,3.0,2.0,3.9,9.5,2.0,3.3,3.9,2.5,10.0,3.9,3.6,1.8,1.9,Cybersecurity Analyst
3.7,2.1,3.3,3.6,3.9,2.2,3.2,2.9,9.8,2.1,1.8,1.7,1.7,9.6,2.9,3.3,1.8,2.0,Cybersecurity Analyst
1.1,3.3,3.8,1.2,2.7,1.9,1.2,2.0,8.0,3.4,1.9,2.1,3.7,9.0,1.5,3.4,2.4,3.9,Cybersecurity Analyst
3.2,3.7,3.6,3.7,3.8,1.6,2.5,3.2,8.2,3.9,3.8,1.2,3.4,8.5,1.5,2.2,3.1,1.3,Cybersecurity Analyst
3.8,2.7,3.8,1.7,2.7,1.7,2.2,3.3,9.7,3.8,3.5,1.5,1.2,9.9,1.0,3.4,1.6,1.8,Cybersecurity Analyst
1.7,2.0,3.3,2.2,1.8,1.2,1.4,3.5,8.4,2.9,3.8,1.2,3.3,9.6,3.9,1.7,2.5,2.3,Cybersecurity Analyst
1.7,1.9,2.0,1.2,1.2,2.2,3.7,1.3,9.1,1.0,2.4,3.1,3.1,8.7,3.4,2.5,2.3,1.3,Cybersecurity Analyst
1.4,1.0,2.2,3.4,3.8,3.3,2.9,1.9,8.5,1.3,1.4,2.0,1.0,8.2,1.3,1.9,2.8,3.9,Cybersecurity Analyst
1.8,1.9,3.7,2.1,3.5,3.3,3.1,2.7,9.8,1.4,3.0,3.7,2.4,8.0,1.2,1.2,3.8,3.6,Cybersecurity Analyst
2.3,3.2,3.9,1.7,1.1,2.3,1.6,1.6,8.8,1.3,2.4,3.0,1.9,9.2,3.9,1.6,2.5,1.1,Cybersecurity Analyst
3.1,1.3,1.7,2.2,1.5,2.3,3.4,2.3,9.8,1.5,3.6,1.4,2.9,9.7,2.8,2.1,1.7,2.8,Cybersecurity Analyst
3.3,3.5,3.2,2.1,3.2,3.4,3.1,2.2,8.3,3.7,2.3,2.4,3.9,8.6,2.8,1.4,2.2,2.6,Cybersecurity Analyst
2.7,3.4,3.9,2.1,1.8,2.7,2.5,1.1,8.0,3.5,1.3,1.6,3.8,8.6,3.9,1.9,3.7,3.4,Cybersecurity Analyst
1.0,1.5,3.1,3.2,2.9,1.1,3.1,3.0,9.3,2.1,2.5,3.8,3.3,9.4,2.2,3.2,1.4,1.7,Cybersecurity Analyst
3.4,2.5,2.2,3.0,2.3,2.8,1.7,2.4,9.9,1.5,2.8,3.5,2.2,9.4,3.6,1.7,2.3,3.2,Cybersecurity Analyst
2.3,1.3,1.8,3.4,2.3,3.8,3.2,3.9,9.4,3.1,3.2,1.0,2.0,9.1,2.4,3.5,3.9,1.4,Cybersecurity Analyst
2.9,3.7,2.9,2.2,1.0,3.3,2.0,3.4,8.4,3.5,3.6,2.3,3.1,9.1,3.5,3.2,2.1,1.3,Cybersecurity Analyst
2.2,1.0,3.3,1.1,3.9,2.9,2.6,3.3,8.5,3.1,2.3,2.5,2.8,9.3,3.9,1.0,1.7,3.1,Cybersecurity Analyst
1.8,2.3,1.6,2.5,2.9,1.7,3.3,1.9,8.5,3.5,3.8,1.5,3.9,9.9,3.0,2.3,3.9,2.3,Cybersecurity Analyst
3.2,1.6,1.2,1.7,3.3,2.2,3.5,1.1,9.8,2.1,3.0,3.5,1.5,8.2,1.5,2.9,3.8,3.7,Cybersecurity Analyst
3.2,2.2,2.7,2.8,2.0,1.2,2.2,2.5,9.4,3.8,1.2,3.4,2.3,8.4,1.8,1.3,3.2,2.7,Cybersecurity Analyst
3.6,1.9,2.2,1.2,1.8,1.2,2.8,1.1,8.5,2.3,3.7,2.1,1.2,9.4,2.8,1.7,2.1,1.3,Cybersecurity Analyst
2.2,3.0,2.4,3.6,2.9,1.7,4.0,1.5,9.4,3.3,3.3,1.0,1.6,8.8,1.2,1.0,3.3,1.8,Cybersecurity Analyst
1.5,2.9,3.7,1.9,3.2,3.4,2.7,2.6,9.5,2.3,3.8,3.9,3.2,9.0,1.1,2.4,1.2,2.7,Cybersecurity Analyst
1.8,3.7,1.2,2.0,3.9,2.9,3.6,2.4,9.0,2.9,3.6,3.2,3.2,9.2,3.6,1.0,2.0,1.9,Cybersecurity Analyst
3.8,3.2,1.4,2.3,1.7,2.7,3.0,1.9,9.6,1.1,2.7,1.2,1.2,9.7,1.9,3.2,1.2,3.3,Cybersecurity Analyst
2.5,3.6,1.8,2.3,2.7,2.7,4.0,3.1,8.4,1.5,3.5,2.2,1.0,9.0,1.1,2.8,2.4,3.3,Cybersecurity Analyst
2.0,1.8,3.5,1.1,2.1,1.2,3.8,1.9,8.6,3.2,3.1,3.8,1.6,8.3,1.0,1.2,3.7,2.6,Cybersecurity Analyst
2.1,3.6,2.5,3.1,2.5,1.1,3.1,3.5,9.2,2.2,1.3,3.7,2.1,8.5,1.5,3.6,3.5,2.5,Cybersecurity Analyst
2.6,1.7,2.5,2.6,3.1,3.6,3.1,1.6,8.2,1.2,2.9,2.6,3.9,9.4,2.9,3.7,2.9,1.1,Cybersecurity Analyst
2.5,3.6,2.7,1.2,1.1,2.5,2.9,2.1,9.4,1.3,1.9,3.6,1.2,8.8,1.3,1.5,2.8,2.9,Cybersecurity Analyst
2.8,2.0,2.8,1.6,3.7,3.9,3.4,3.0,9.0,3.8,3.3,1.8,3.5,8.5,1.0,3.9,3.8,1.2,Cybersecurity Analyst
3.6,3.9,3.0,2.5,2.8,2.4,2.3,2.8,9.4,2.9,1.9,2.4,2.6,8.3,2.8,2.6,1.1,3.5,Cybersecurity Analyst
3.7,3.3,3.0,2.1,1.4,3.6,2.9,2.7,9.7,3.4,2.7,1.0,2.0,8.9,1.5,2.4,2.8,2.3,Cybersecurity Analyst
1.9,2.9,3.5,3.1,1.5,1.7,2.8,2.3,8.3,3.7,3.4,2.9,2.0,8.3,3.1,2.5,2.3,4.0,Cybersecurity Analyst
2.8,2.8,2.5,3.5,3.3,2.3,1.3,2.0,8.5,3.3,2.9,2.3,3.9,9.3,1.9,3.1,3.8,2.3,Cybersecurity Analyst
1.7,2.6,2.6,3.9,3.3,1.0,2.3,1.8,9.5,3.6,2.8,1.9,3.4,9.9,1.4,2.3,3.2,3.5,Cybersecurity Analyst
2.2,2.8,1.8,1.8,2.3,3.6,3.4,1.2,8.9,3.3,3.6,3.4,3.7,8.3,3.6,3.7,1.5,3.1,Cybersecurity Analyst
3.5,3.4,2.1,3.4,3.9,3.4,1.5,1.9,9.5,1.9,2.2,2.6,1.6,8.3,2.7,2.7,2.0,3.0,Cybersecurity Analyst
1.8,3.1,3.8,2.9,2.6,3.2,3.8,4.0,8.2,2.9,1.8,3.7,2.2,9.8,2.4,2.8,3.2,1.3,Cybersecurity Analyst
2.6,4.0,1.3,1.3,1.7,3.4,3.7,3.3,9.5,2.8,1.8,2.0,3.1,9.1,1.8,2.0,3.8,1.1,Cybersecurity Analyst
1.8,1.5,1.6,1.3,1.0,3.9,1.1,1.1,9.4,1.2,3.3,1.0,2.1,9.0,1.5,3.1,3.8,1.8,Cybersecurity Analyst
1.9,2.3,2.6,1.1,3.4,4.0,3.9,3.6,8.4,1.3,3.3,1.5,1.3,8.9,4.0,1.5,3.4,1.6,Cybersecurity Analyst
3.7,2.2,3.1,2.9,2.9,1.5,3.4,2.8,8.2,1.3,3.0,2.3,3.5,8.5,2.8,2.4,2.1,3.2,Cybersecurity Analyst
3.9,3.1,2.2,2.7,2.3,1.5,2.8,3.8,8.5,3.9,3.5,1.7,3.2,9.2,3.6,3.4,2.0,1.1,Cybersecurity Analyst
3.2,1.9,1.2,2.9,3.9,2.8,3.6,1.7,9.1,1.1,1.0,2.0,3.8,8.8,1.2,2.5,2.8,2.4,Cybersecurity Analyst
2.0,1.0,2.4,2.3,2.0,1.5,3.6,3.6,8.3,1.8,3.1,1.6,1.7,8.0,2.9,1.4,2.3,2.4,Cybersecurity Analyst
2.5,2.4,1.9,2.0,1.2,2.8,1.7,3.2,8.8,3.4,2.9,1.3,2.0,8.1,2.5,3.7,2.7,2.3,Cybersecurity Analyst
2.0,3.6,3.2,1.6,2.9,3.3,2.7,2.8,8.6,3.7,3.2,1.3,1.7,9.5,3.0,2.6,2.4,3.2,Cybersecurity Analyst
3.8,1.0,3.8,1.3,1.7,1.6,2.9,1.5,9.1,2.6,2.3,3.8,3.4,9.8,2.9,1.1,3.4,3.8,Cybersecurity Analyst
3.4,2.8,1.5,2.6,2.8,1.2,3.0,2.7,9.4,2.7,2.0,3.3,1.9,8.4,3.8,2.5,3.2,1.2,Cybersecurity Analyst
1.6,2.8,3.6,2.5,3.3,2.5,4.0,3.9,8.7,1.6,2.8,1.5,2.4,8.8,2.4,2.2,1.0,3.0,Cybersecurity Analyst
1.0,2.9,2.7,1.5,2.1,3.7,1.2,1.6,8.8,3.1,1.3,3.9,2.2,8.4,1.9,3.7,1.8,3.7,Cybersecurity Analyst
1.9,3.7,3.5,3.2,1.2,2.3,2.2,2.1,8.8,1.6,2.8,3.9,1.9,8.3,1.9,1.1,3.4,2.9,Cybersecurity Analyst
3.8,3.4,3.2,3.0,3.9,4.0,1.2,1.7,8.4,1.1,1.8,3.8,3.9,9.1,1.6,1.1,2.9,1.8,Cybersecurity Analyst
3.8,3.4,2.5,1.7,3.0,3.4,1.8,1.7,9.0,3.8,2.8,3.7,3.0,9.6,3.9,3.5,3.1,1.3,Cybersecurity Analyst
2.4,1.9,1.9,1.9,1.7,1.7,1.0,3.5,8.8,2.3,1.3,2.0,2.7,8.9,2.9,1.2,3.4,3.0,Cybersecurity Analyst
2.2,2.7,1.2,2.9,1.6,2.1,1.7,3.0,8.7,3.5,1.6,1.6,1.3,9.5,1.3,1.8,3.8,2.6,Cybersecurity Analyst
1.3,3.1,2.9,2.2,3.5,1.4,1.7,2.9,9.1,3.0,3.6,2.5,1.7,9.0,1.6,3.5,2.8,3.8,Cybersecurity Analyst
2.4,2.5,1.1,2.1,1.8,1.8,1.3,2.4,8.6,1.7,2.4,2.5,1.4,8.9,2.1,2.2,3.0,3.0,Cybersecurity Analyst
1.6,3.7,2.0,1.2,8.0,2.4,3.6,1.0,2.8,2.3,9.2,2.6,8.5,3.0,1.9,1.3,2.2,3.4,Business Analyst
2.1,2.1,1.9,2.9,8.3,2.4,2.8,3.4,3.8,3.2,9.9,3.4,7.2,3.1,1.8,3.4,3.3,3.1,Business Analyst
2.3,2.8,3.9,1.1,7.7,1.2,1.0,1.6,2.9,1.9,9.8,1.4,7.0,3.9,3.3,1.3,1.6,2.6,Business Analyst
4.0,1.4,1.9,2.2,7.5,3.6,3.9,3.7,3.6,3.6,9.8,3.5,9.8,2.6,3.8,2.2,1.4,3.0,Business Analyst
1.7,1.5,1.9,2.7,7.5,2.5,2.2,3.8,3.4,2.7,9.3,2.9,9.8,1.2,3.7,2.4,3.6,1.3,Business Analyst
2.8,3.5,2.7,1.8,7.8,1.1,1.4,2.4,3.8,3.0,9.8,3.1,8.5,3.0,2.7,1.0,2.5,1.3,Business Analyst
1.5,2.7,2.7,3.8,9.6,1.8,2.4,3.2,3.2,3.0,9.6,1.4,8.6,3.8,1.4,3.5,3.9,3.2,Business Analyst
1.9,2.1,1.1,3.3,7.4,2.6,1.5,2.7,3.9,3.0,8.7,1.1,8.9,1.0,2.4,2.0,2.3,3.9,Business Analyst
2.2,3.0,3.2,3.7,7.4,1.6,3.8,3.6,3.5,3.4,8.3,2.7,9.4,3.2,1.7,1.8,3.1,2.8,Business Analyst
2.3,2.9,3.6,2.5,8.2,1.8,2.8,3.6,3.1,1.4,9.7,2.7,9.1,2.9,2.3,2.8,1.3,2.1,Business Analyst
2.2,3.4,3.0,1.7,8.3,1.9,2.2,3.0,1.1,2.7,9.7,3.6,7.9,1.2,3.2,3.0,3.4,3.8,Business Analyst
1.9,3.1,4.0,3.3,7.9,2.7,2.2,2.9,3.5,3.9,8.7,1.9,9.6,1.9,2.7,1.3,3.9,2.4,Business Analyst
1.9,3.1,2.3,2.7,9.8,2.2,3.4,3.1,2.5,3.4,9.4,3.5,9.4,2.7,2.9,2.2,3.9,1.4,Business Analyst
3.9,2.3,2.5,2.6,7.1,1.1,2.0,1.2,2.6,2.2,9.8,2.7,9.6,1.8,2.0,2.7,3.2,2.3,Business Analyst
3.0,2.1,1.6,1.7,9.5,3.6,2.1,2.3,3.1,1.0,9.2,4.0,7.4,2.4,2.7,3.9,1.4,2.0,Business Analyst
2.3,1.5,1.9,2.7,8.2,2.4,2.0,1.0,1.3,1.9,9.8,3.2,8.2,1.0,1.1,1.4,1.9,3.6,Business Analyst
3.3,3.5,3.9,1.7,9.3,2.1,2.5,2.6,2.2,1.8,8.4,3.1,7.6,1.1,1.9,2.0,3.5,1.4,Business Analyst
2.2,1.1,3.1,1.3,8.0,2.5,1.2,3.8,2.9,3.3,8.0,3.8,7.8,1.3,3.8,3.6,1.7,3.6,Business Analyst
2.6,2.9,1.8,2.4,7.5,1.7,2.3,1.6,1.0,3.2,8.6,3.2,8.5,1.1,1.1,3.7,1.9,1.6,Business Analyst
3.4,1.5,3.1,1.7,8.6,3.5,1.2,1.6,3.3,1.0,8.7,1.9,9.1,2.0,3.2,2.2,3.8,3.4,Business Analyst
2.4,1.5,1.1,1.8,8.9,2.6,2.5,3.0,1.7,1.4,9.2,2.4,8.9,1.4,1.9,3.1,2.7,3.5,Business Analyst
2.1,3.5,1.1,3.1,9.2,3.1,2.2,3.0,1.4,3.3,8.4,2.6,8.7,1.7,3.7,1.8,3.6,2.1,Business Analyst
1.9,1.4,1.6,2.3,7.4,2.5,3.3,3.9,2.0,3.2,9.6,3.4,7.2,2.9,2.6,2.4,3.5,2.9,Business Analyst
3.9,1.1,1.3,3.0,8.4,2.1,1.1,3.8,1.1,3.6,9.1,1.7,9.7,3.0,2.6,2.4,1.9,1.2,Business Analyst
3.5,2.2,1.2,2.3,7.0,3.1,1.7,2.6,1.5,2.0,8.8,3.3,9.0,3.1,2.2,3.7,1.4,1.6,Business Analyst
3.3,2.7,2.0,3.0,9.5,2.9,1.9,2.1,2.3,3.3,8.6,3.4,7.9,1.5,2.4,2.5,1.9,1.2,Business Analyst
3.9,3.4,3.6,3.7,9.5,1.4,1.9,2.0,1.4,4.0,8.9,1.2,9.8,2.4,3.5,2.6,1.8,1.3,Business Analyst
2.8,2.6,3.2,3.8,7.4,3.6,2.0,2.3,2.2,3.4,8.3,3.8,8.7,1.0,1.3,1.3,2.8,1.5,Business Analyst
1.9,2.2,2.0,1.1,7.5,3.0,3.5,2.5,2.5,1.4,10.0,1.8,8.3,3.5,3.1,1.9,3.8,2.0,Business Analyst
2.9,3.2,1.6,2.1,9.8,3.1,3.4,3.6,1.2,1.6,9.2,1.2,7.2,1.9,2.9,3.0,2.3,1.6,Business Analyst
3.1,1.9,3.6,3.5,9.7,3.3,3.3,1.1,2.6,1.8,8.6,1.2,9.6,1.9,3.1,1.1,2.2,3.5,Business Analyst
2.1,2.0,2.3,1.9,7.1,2.7,1.3,1.1,1.0,3.7,9.6,1.2,8.5,1.4,3.1,3.7,2.7,3.6,Business Analyst
3.6,2.0,2.1,2.8,9.8,2.4,3.2,3.2,3.6,1.4,9.1,2.2,7.7,1.9,1.7,1.7,3.1,3.0,Business Analyst
1.8,1.7,3.1,2.5,9.6,4.0,2.0,1.3,4.0,2.5,9.8,2.0,7.5,3.8,1.7,2.2,2.8,1.4,Business Analyst
3.1,1.7,1.6,1.5,7.8,2.8,2.0,1.6,3.8,2.4,9.7,3.4,8.5,1.0,2.8,3.9,2.2,3.3,Business Analyst
3.9,2.8,3.6,1.2,9.6,1.4,3.7,3.1,1.2,2.8,8.0,3.7,9.1,2.5,1.2,2.4,3.7,3.1,Business Analyst
1.6,3.1,1.3,2.7,9.6,3.3,3.0,1.1,2.8,4.0,8.7,1.9,9.9,3.9,1.9,2.8,3.8,2.3,Business Analyst
2.6,2.6,3.9,2.1,7.1,2.3,2.3,2.3,3.2,2.3,8.7,2.2,7.4,3.3,1.9,1.4,1.6,3.1,Business Analyst
2.9,3.1,2.0,3.0,8.0,2.5,2.5,1.6,3.6,2.5,9.5,1.9,7.4,3.5,3.1,3.1,1.4,1.7,Business Analyst
3.0,2.8,1.1,3.2,10.0,2.6,2.3,2.9,2.4,2.7,8.1,1.8,9.7,3.6,2.0,3.0,1.3,3.3,Business Analyst
3.0,1.5,3.1,2.4,8.4,3.7,3.5,2.9,1.6,2.4,9.8,2.1,7.3,3.6,3.2,2.1,3.3,1.5,Business Analyst
2.1,1.2,2.8,1.5,8.5,1.9,3.2,2.5,3.1,1.3,9.2,2.8,9.9,1.4,3.1,1.8,3.6,3.7,Business Analyst
3.9,1.3,3.2,1.1,8.0,1.7,2.7,2.2,1.3,1.5,9.6,3.8,9.5,1.7,3.4,2.5,3.3,3.7,Business Analyst
3.1,3.1,2.1,3.4,7.8,1.9,1.1,3.2,2.3,2.5,9.7,2.9,7.2,3.2,1.2,1.1,1.0,2.4,Business Analyst
2.7,3.1,1.7,2.8,8.5,3.6,1.2,2.8,4.0,3.5,9.8,2.0,7.8,2.7,3.6,3.1,3.7,3.0,Business Analyst
3.2,3.5,2.1,2.1,8.0,3.6,1.8,2.2,2.0,3.2,9.8,1.0,8.9,1.4,1.3,3.3,2.1,1.5,Business Analyst
3.6,1.8,2.7,3.2,7.1,2.1,3.0,3.0,1.8,2.2,9.2,3.2,8.5,1.6,3.6,1.9,3.4,1.7,Business Analyst
4.0,3.7,3.1,1.0,8.3,1.5,3.9,1.6,1.5,1.1,9.2,2.8,8.4,3.7,3.0,3.0,2.8,1.6,Business Analyst
2.5,1.2,1.1,4.0,7.8,2.7,2.6,2.4,4.0,3.0,8.4,1.1,8.2,1.6,2.8,1.6,4.0,2.3,Business Analyst
1.8,2.4,1.8,1.6,7.4,1.8,3.1,3.3,2.8,3.8,8.6,1.1,9.5,3.6,1.3,3.7,1.5,3.1,Business Analyst
1.7,3.7,2.1,3.7,8.6,2.4,1.8,1.6,1.2,3.6,9.7,2.7,9.0,2.8,1.1,2.4,3.5,2.4,Business Analyst
1.4,2.5,3.4,2.2,9.2,2.3,2.2,1.1,1.1,3.4,8.7,3.6,8.1,1.6,2.5,1.1,1.6,3.5,Business Analyst
3.5,1.9,3.2,3.2,7.7,2.0,1.2,2.4,3.0,3.7,8.2,3.8,8.8,2.4,1.8,1.6,3.6,2.8,Business Analyst
2.1,2.9,2.3,2.9,9.5,3.1,1.8,1.7,1.9,1.4,9.3,3.6,9.3,2.6,1.7,2.3,1.7,1.9,Business Analyst
3.9,2.1,3.7,1.7,8.8,1.7,3.6,3.2,2.6,1.3,8.6,3.6,9.0,3.1,2.1,2.1,1.7,3.7,Business Analyst
2.7,3.3,2.8,1.7,8.2,1.7,2.0,3.6,2.0,2.0,9.5,2.9,7.8,3.5,1.2,2.2,2.0,3.1,Business Analyst
1.8,1.3,3.0,3.4,9.5,2.4,2.0,3.2,2.2,2.7,9.5,3.2,8.0,1.2,2.4,2.0,3.5,2.6,Business Analyst
3.8,3.1,2.1,3.3,7.3,2.9,3.4,3.6,2.1,3.4,8.8,3.2,8.2,1.4,1.8,3.8,3.8,1.7,Business Analyst
2.3,2.5,3.3,3.4,7.1,3.4,2.6,3.1,2.0,3.3,8.5,1.4,8.6,3.5,3.2,1.2,1.3,3.7,Business Analyst
1.8,1.9,3.9,2.5,8.9,3.8,2.4,3.0,2.4,2.2,9.1,1.1,10.0,3.9,1.6,1.0,1.3,2.7,Business Analyst
1.0,1.0,2.7,1.8,9.7,2.5,3.5,1.2,1.1,3.4,9.6,2.5,9.2,3.4,1.8,1.4,3.3,1.2,Business Analyst
3.2,3.9,1.1,2.6,8.2,3.3,4.0,3.5,4.0,1.6,8.4,2.0,8.3,3.1,1.3,1.7,1.1,2.1,Business Analyst
2.5,1.7,2.2,2.0,8.6,3.6,2.1,2.9,3.6,2.2,8.3,4.0,10.0,3.3,3.1,2.9,2.7,3.5,Business Analyst
1.6,2.4,2.3,3.4,9.4,3.3,3.6,3.5,2.6,3.3,9.9,3.3,7.6,3.8,1.4,2.6,1.4,3.8,Business Analyst
3.5,1.1,2.3,1.6,8.4,2.9,1.0,3.9,2.5,3.2,8.6,3.8,9.2,2.9,2.2,2.5,3.7,1.8,Business Analyst
1.9,2.1,3.3,1.0,8.2,2.0,2.5,1.9,2.7,1.0,8.8,1.9,9.3,2.5,3.6,3.3,3.5,3.5,Business Analyst
2.1,1.3,1.4,2.1,7.5,3.5,2.5,1.2,1.2,3.7,9.1,3.1,9.3,2.4,1.5,2.8,3.1,1.9,Business Analyst
1.1,1.6,3.8,2.6,9.0,3.7,1.3,2.7,1.2,2.6,8.6,2.5,7.7,3.3,2.8,3.4,3.5,3.9,Business Analyst
1.4,2.9,1.1,1.5,7.7,1.7,3.7,2.5,2.1,3.7,9.0,2.8,8.8,3.5,1.4,2.6,2.3,2.9,Business Analyst
2.3,1.7,1.4,1.1,8.9,1.9,3.2,2.3,3.6,3.1,8.2,3.6,9.3,2.1,3.7,3.6,3.8,1.9,Business Analyst
3.3,2.0,3.7,3.3,1.3,2.4,1.9,2.1,1.5,1.7,2.7,9.0,9.8,3.5,2.7,1.0,9.3,3.3,Project Manager
3.6,2.3,3.3,3.4,2.1,3.3,3.5,2.8,1.2,1.8,4.0,8.7,8.4,2.4,2.9,1.8,9.4,3.0,Project Manager
1.3,3.1,3.7,1.3,2.6,1.4,2.9,2.3,2.2,1.5,2.3,9.8,8.1,1.1,3.2,3.8,8.9,1.7,Project Manager
2.6,3.4,1.9,1.1,1.3,4.0,1.1,1.8,3.8,3.8,2.3,8.4,9.3,2.3,3.7,3.7,9.6,3.8,Project Manager
3.5,3.6,2.2,2.9,1.1,2.6,2.2,3.8,3.7,4.0,2.2,8.8,9.7,3.5,2.7,1.9,8.5,3.7,Project Manager
2.3,1.5,4.0,3.5,3.7,2.9,3.2,1.6,2.4,2.6,1.8,9.6,9.8,1.0,3.3,1.9,9.3,2.5,Project Manager
1.0,3.4,3.9,1.2,1.3,1.9,1.9,2.0,1.8,1.5,2.2,9.7,8.7,1.4,3.1,1.7,9.0,1.7,Project Manager
2.5,2.8,3.8,2.4,3.0,1.2,2.1,1.1,2.4,1.5,1.9,8.7,9.8,1.6,2.9,3.3,8.2,1.8,Project Manager
3.5,2.6,1.1,2.2,1.6,1.0,3.0,1.4,2.7,1.3,3.8,9.5,9.9,2.1,1.7,1.2,9.0,2.8,Project Manager
3.5,3.5,3.3,2.7,1.9,3.4,2.3,3.4,1.1,1.7,1.9,8.1,10.0,2.1,1.6,2.1,8.5,1.7,Project Manager
3.7,1.4,3.0,3.5,2.3,3.6,1.2,3.3,2.0,2.5,1.9,9.8,9.9,3.4,2.0,2.0,8.8,2.3,Project Manager
3.3,2.3,1.6,1.8,2.9,1.8,3.4,3.9,3.9,3.2,3.1,8.1,8.3,3.5,2.5,3.7,9.5,1.7,Project Manager
1.1,3.0,3.6,1.5,1.1,3.7,3.0,1.9,3.1,2.5,1.7,8.7,9.7,1.9,2.9,2.7,9.5,1.5,Project Manager
1.6,2.4,4.0,2.4,1.3,1.8,3.1,3.7,1.9,1.3,1.2,9.4,8.9,1.1,3.4,1.2,9.6,3.8,Project Manager
1.6,1.6,1.0,3.9,2.7,2.6,2.4,3.7,2.1,2.4,4.0,8.6,8.5,3.8,2.0,3.6,8.0,1.0,Project Manager
1.4,3.0,2.3,3.2,2.3,1.2,3.7,1.2,1.2,1.5,1.4,8.6,9.8,1.9,1.9,2.6,8.3,1.6,Project Manager
1.5,1.6,3.2,2.3,1.9,1.2,2.6,2.0,2.3,1.1,1.4,9.6,8.6,1.9,1.9,2.4,9.7,2.8,Project Manager
2.5,1.6,1.1,1.4,1.7,2.8,3.5,2.0,3.1,3.5,1.4,8.4,8.3,3.1,1.1,3.3,9.5,3.7,Project Manager
1.2,1.4,1.0,3.1,2.5,2.3,3.5,1.7,2.1,3.2,2.9,8.3,9.9,3.9,2.9,1.9,10.0,1.8,Project Manager
1.1,3.5,3.7,2.2,3.3,3.8,4.0,1.8,1.5,3.6,2.3,9.5,9.7,1.4,3.7,3.2,9.6,3.1,Project Manager
1.9,1.6,3.9,1.9,3.0,2.4,2.0,2.3,3.2,3.7,2.3,8.2,8.8,3.4,2.6,1.9,8.1,3.9,Project Manager
2.5,1.7,2.8,2.9,3.2,2.4,2.3,3.2,1.2,1.1,2.1,8.7,8.9,1.2,1.3,3.9,8.9,1.2,Project Manager
1.6,3.9,3.6,2.1,1.4,1.9,3.4,3.1,3.2,3.8,3.9,8.3,8.8,3.9,3.0,3.0,8.5,1.8,Project Manager
1.8,3.1,2.9,3.2,2.4,3.9,3.8,1.3,2.2,2.0,1.3,8.8,9.7,1.3,2.0,3.1,9.2,2.0,Project Manager
2.2,2.9,2.1,2.3,2.5,3.5,2.6,2.0,3.8,1.7,3.9,9.6,8.3,2.0,1.5,2.0,9.3,3.6,Project Manager
2.4,2.9,3.0,1.1,2.6,3.0,1.9,3.0,1.2,1.8,3.7,9.7,9.7,2.7,2.4,3.3,8.7,2.4,Project Manager
1.5,1.2,2.5,2.8,3.8,3.4,3.6,3.6,2.2,1.1,1.2,9.3,8.5,2.4,3.9,3.9,8.7,2.4,Project Manager
2.2,3.6,3.5,1.4,3.2,3.7,3.7,1.9,2.2,1.3,2.3,8.7,9.8,3.1,3.3,3.8,8.8,2.8,Project Manager
2.7,3.5,2.1,3.4,3.1,3.5,2.4,1.4,1.5,2.6,3.3,9.8,9.2,1.5,2.0,3.5,9.7,3.9,Project Manager
3.8,1.7,4.0,1.4,3.2,1.7,3.6,2.2,3.2,3.0,2.5,8.0,8.8,3.0,3.8,2.6,8.1,3.0,Project Manager
3.8,3.6,2.7,1.7,2.1,3.8,1.4,1.4,2.2,1.1,2.6,8.8,9.4,2.0,1.1,3.7,8.4,3.4,Project Manager
1.7,1.2,2.8,2.2,2.9,2.9,2.1,1.5,2.2,3.0,3.9,8.0,8.4,2.6,1.2,3.7,9.4,1.7,Project Manager
3.3,2.5,3.5,3.9,1.5,1.2,1.9,2.2,3.9,1.6,1.3,8.4,9.2,2.6,2.1,1.1,8.2,2.3,Project Manager
2.2,1.0,2.6,3.5,1.5,3.6,1.8,3.9,2.3,1.5,4.0,8.6,8.2,3.6,1.5,2.3,9.9,3.4,Project Manager
2.5,2.6,1.2,1.2,2.9,3.9,1.5,3.0,1.6,3.5,3.3,9.3,8.3,1.9,3.4,1.3,8.8,3.1,Project Manager
2.4,3.1,3.5,1.8,1.7,3.1,3.3,1.3,2.4,1.0,3.2,8.5,9.1,1.1,1.2,2.2,8.7,1.6,Project Manager
2.1,3.6,3.0,2.2,3.7,3.0,3.9,3.3,1.4,2.9,1.1,10.0,9.3,1.0,3.3,2.2,8.5,1.1,Project Manager
3.5,2.6,3.0,3.5,4.0,3.7,3.0,1.3,3.5,1.8,3.3,8.4,8.9,2.6,3.2,3.8,9.3,3.1,Project Manager
2.2,2.9,2.7,4.0,2.6,2.4,3.2,1.6,1.2,1.4,3.7,9.2,9.6,1.5,3.1,1.8,9.8,3.4,Project Manager
1.3,2.7,2.8,2.2,1.3,2.6,2.0,1.6,2.7,1.3,1.2,9.1,8.2,1.9,1.8,1.3,8.3,3.9,Project Manager
2.1,2.0,3.3,2.2,1.1,3.5,3.1,1.4,1.5,3.7,3.2,8.8,8.8,3.9,3.5,3.3,8.3,3.1,Project Manager
3.3,1.4,3.5,2.1,3.0,2.3,1.9,3.0,3.4,2.0,3.6,9.8,8.1,3.3,1.4,1.6,8.8,2.1,Project Manager
1.7,2.3,3.6,2.6,4.0,2.9,2.5,3.3,2.5,3.9,3.0,8.3,9.9,3.4,3.1,2.2,9.9,2.7,Project Manager
2.8,2.2,1.6,3.3,2.0,1.3,2.6,3.0,2.1,1.5,2.7,9.3,8.4,2.1,3.0,2.9,9.5,2.5,Project Manager
1.6,2.3,2.8,3.8,3.0,1.5,1.8,2.5,3.6,2.8,2.4,8.8,8.0,3.4,3.9,3.0,9.1,1.6,Project Manager
3.3,2.0,1.5,3.0,3.3,1.1,1.2,3.7,3.8,3.3,3.1,8.8,9.3,1.8,3.7,3.3,8.8,3.9,Project Manager
2.0,2.7,3.1,2.9,1.4,3.3,1.6,1.9,1.3,2.7,3.4,8.3,8.9,3.3,1.2,1.8,8.4,3.6,Project Manager
2.2,3.0,3.2,3.0,2.6,2.1,1.9,3.8,3.9,3.0,1.7,8.0,8.7,1.3,3.6,1.4,8.0,1.6,Project Manager
1.7,1.6,1.6,2.7,1.2,1.3,1.5,1.5,4.0,3.9,2.4,9.7,8.7,3.5,2.1,1.1,9.5,1.1,Project Manager
2.7,3.4,2.0,2.7,1.0,1.1,1.1,1.3,1.3,1.6,3.6,9.0,8.6,2.5,3.9,3.2,9.4,1.3,Project Manager
2.5,3.6,1.4,1.8,3.2,2.0,2.6,3.6,1.1,3.3,3.1,9.9,8.2,1.1,3.5,2.7,8.2,2.8,Project Manager
2.7,2.2,2.1,2.7,3.5,3.3,1.1,2.3,2.3,3.7,2.8,9.9,9.3,1.7,1.9,2.5,9.3,2.3,Project Manager
1.9,2.3,1.8,3.8,1.0,2.5,1.1,2.1,2.6,2.6,1.8,8.2,9.8,3.9,1.6,1.8,8.7,2.4,Project Manager
3.6,3.5,3.0,2.4,2.9,1.2,2.1,3.2,1.4,3.0,3.8,9.8,8.2,2.0,3.0,3.3,9.8,3.5,Project Manager
1.6,2.8,2.3,3.5,1.6,1.5,1.0,3.7,2.2,1.6,3.3,9.3,8.9,1.7,2.6,3.5,8.8,1.5,Project Manager
2.5,1.5,2.0,3.9,2.6,3.0,2.7,3.1,2.4,2.5,2.3,8.3,8.2,1.4,1.2,2.5,8.1,2.6,Project Manager
2.0,2.5,2.1,3.8,1.2,3.1,1.1,1.3,2.3,1.7,2.0,8.3,8.1,3.5,4.0,1.1,8.1,2.4,Project Manager
1.3,3.9,2.2,3.0,2.9,3.3,1.9,3.8,3.8,3.3,1.5,9.6,9.0,1.0,3.6,2.4,9.3,4.0,Project Manager
1.2,3.6,3.1,1.8,1.0,3.4,1.6,2.7,1.9,2.8,1.0,9.8,8.0,1.5,1.2,3.7,9.4,1.4,Project Manager
3.7,2.8,1.9,1.8,3.2,1.4,2.1,1.1,1.7,3.9,2.6,9.2,8.0,2.9,3.6,3.6,8.2,1.4,Project Manager
1.0,1.9,2.7,1.1,3.8,3.8,3.9,1.9,3.1,3.8,1.6,9.0,9.7,1.2,2.7,3.3,9.0,1.9,Project Manager
2.8,3.7,3.0,2.6,1.4,3.3,3.3,1.4,1.5,1.1,2.0,9.5,8.5,3.8,2.6,2.2,9.6,2.5,Project Manager
3.1,3.8,3.1,1.7,1.1,2.3,1.5,2.0,2.9,1.4,2.6,8.0,9.3,2.7,1.3,1.4,9.6,3.4,Project Manager
3.8,2.8,2.7,2.8,1.5,3.0,2.7,2.5,3.0,2.6,3.5,9.2,9.8,1.1,1.1,2.7,9.9,2.8,Project Manager
2.5,3.4,1.8,2.0,3.4,1.6,1.6,3.4,2.7,2.3,2.3,9.4,9.7,3.8,1.1,2.8,9.5,3.7,Project Manager
1.2,3.7,3.4,1.7,2.7,3.2,2.1,2.6,3.9,3.4,1.3,8.1,8.6,3.9,1.7,2.1,9.3,2.1,Project Manager
1.8,2.0,3.0,3.4,2.1,1.0,2.0,2.5,3.1,3.0,2.8,8.9,8.7,2.4,1.3,3.8,8.4,1.1,Project Manager
2.5,1.7,3.7,2.0,3.3,3.5,1.1,3.2,2.8,2.3,3.9,9.6,8.8,3.8,3.3,2.1,8.9,2.6,Project Manager
1.7,2.7,2.2,1.5,3.7,2.5,3.1,2.2,2.3,1.9,2.0,9.8,9.1,3.1,3.1,1.5,9.6,3.2,Project Manager
1.7,3.8,2.6,2.5,4.0,3.3,1.5,2.4,1.3,2.6,1.8,8.8,8.5,2.4,3.8,3.8,8.2,2.9,Project Manager
1.4,3.6,2.9,2.9,3.9,2.2,2.8,2.5,2.2,2.1,3.4,2.1,8.1,1.8,3.2,9.4,2.7,1.7,Teacher
1.9,2.5,1.1,2.4,3.1,2.7,3.9,2.8,3.8,3.7,2.6,1.3,9.8,4.0,1.8,8.2,2.5,2.6,Teacher
3.3,2.9,1.9,3.0,1.7,3.0,3.2,2.0,1.9,3.1,3.4,3.8,9.4,3.6,2.8,9.3,3.0,1.3,Teacher
1.8,1.2,2.5,3.6,1.9,3.8,2.3,3.8,2.9,3.7,3.3,3.1,8.6,2.1,1.3,8.5,3.1,2.9,Teacher
3.3,2.8,2.3,3.1,3.8,1.2,2.6,3.1,3.4,2.0,3.1,2.6,9.9,2.5,2.6,9.9,3.0,2.9,Teacher
1.4,1.5,2.3,2.9,2.9,2.9,3.7,1.4,1.2,2.7,2.9,3.7,9.0,1.5,2.4,8.7,1.8,2.1,Teacher
3.9,3.0,3.6,2.7,1.8,1.8,3.7,1.9,3.1,1.0,3.9,2.5,9.0,2.4,1.2,8.0,3.7,1.1,Teacher
3.7,1.4,1.1,3.4,1.2,1.3,3.9,1.0,1.2,3.5,2.7,2.2,8.3,1.4,3.6,9.8,2.7,3.0,Teacher
1.9,1.0,2.3,2.3,3.5,2.8,1.2,1.3,1.2,2.4,1.9,3.5,9.0,2.9,3.6,8.9,3.6,3.2,Teacher
1.7,1.1,3.2,1.4,2.6,3.6,1.9,1.9,1.0,3.7,3.9,1.6,8.7,2.6,2.1,8.0,2.7,3.1,Teacher
3.0,2.1,2.7,3.5,1.7,3.2,3.3,3.4,3.8,2.6,2.4,2.4,9.5,1.7,2.1,8.8,1.9,3.5,Teacher
1.5,1.9,3.9,3.4,1.0,3.8,3.0,2.1,1.3,2.7,3.2,1.2,9.7,3.9,1.9,9.5,1.5,2.6,Teacher
2.6,4.0,3.5,1.2,3.0,1.8,3.4,1.8,3.4,3.0,2.5,1.9,9.0,1.3,1.8,8.2,1.8,3.6,Teacher
3.8,2.0,3.5,3.6,1.1,3.5,1.5,3.1,3.8,2.0,1.0,2.7,9.4,2.1,1.6,10.0,2.3,3.7,Teacher
3.6,2.1,1.0,1.3,3.3,1.4,2.5,3.5,1.8,2.7,2.0,2.6,9.9,2.3,2.7,8.4,3.5,2.3,Teacher
3.5,3.5,2.3,1.2,1.2,1.3,1.3,1.9,1.0,1.3,3.3,2.4,8.8,1.5,3.7,8.5,3.5,2.5,Teacher
3.6,1.3,3.0,1.8,1.2,2.0,2.4,3.3,3.9,3.0,2.2,1.6,8.3,3.9,2.3,8.3,2.7,3.9,Teacher
3.6,3.2,1.8,1.8,1.4,2.1,3.4,2.9,2.5,3.8,2.8,3.7,9.5,3.4,3.1,9.2,2.0,3.1,Teacher
3.1,3.8,2.1,2.0,2.7,1.6,2.7,3.1,2.9,1.4,1.8,2.2,9.6,2.0,3.0,8.3,3.4,3.8,Teacher
3.5,3.4,2.1,3.2,2.6,3.1,3.3,4.0,1.2,1.5,2.9,1.9,8.1,3.3,1.8,9.0,1.5,2.0,Teacher
3.4,2.4,2.5,2.4,3.4,2.5,4.0,1.0,2.1,3.2,1.5,1.4,8.5,2.9,2.9,9.1,3.2,2.0,Teacher
3.9,3.3,3.4,2.3,1.7,2.5,2.9,1.8,1.5,2.8,3.9,3.0,10.0,2.9,2.3,9.9,3.4,3.9,Teacher
2.8,1.2,1.5,3.5,1.0,1.3,3.1,3.0,1.2,3.6,3.3,3.8,9.0,2.0,3.9,9.5,3.8,1.8,Teacher
3.2,3.1,1.3,2.3,1.1,3.0,3.1,3.6,3.9,1.1,3.9,3.2,8.8,1.2,1.0,9.4,2.0,2.0,Teacher
3.4,1.4,1.0,2.7,3.0,1.2,2.6,3.5,3.8,2.7,1.2,2.7,9.0,3.0,2.9,9.0,2.3,1.5,Teacher
1.6,2.4,2.5,3.5,3.4,1.9,3.7,1.8,3.5,2.1,2.0,1.6,9.1,2.2,3.1,8.9,3.9,3.5,Teacher
1.1,1.6,1.7,3.4,1.5,3.6,2.3,1.9,2.0,3.0,4.0,3.2,9.9,1.6,3.4,8.5,4.0,1.4,Teacher
3.4,1.2,1.2,1.3,2.5,3.0,3.7,2.1,1.3,3.8,3.5,1.5,10.0,3.3,2.9,8.5,2.2,2.6,Teacher
1.6,1.5,2.6,3.7,2.2,3.1,2.9,1.0,1.6,1.5,2.2,1.8,9.9,1.3,3.1,8.1,2.4,2.6,Teacher
2.1,3.4,1.8,1.3,3.1,1.2,1.1,2.8,1.5,1.1,1.5,1.4,9.6,3.2,2.1,9.3,3.4,3.1,Teacher
2.9,3.7,4.0,2.3,3.5,1.7,1.5,3.1,3.9,2.9,2.7,2.4,8.2,1.8,1.1,8.5,3.0,2.6,Teacher
3.2,3.1,2.3,2.6,2.2,2.9,2.9,1.9,1.0,3.6,2.9,2.4,9.5,3.0,2.0,8.6,1.3,2.1,Teacher
3.8,3.8,4.0,1.9,1.4,2.4,3.1,3.1,2.7,1.7,3.5,3.2,9.4,2.2,1.8,9.5,3.4,1.0,Teacher
2.7,3.9,1.0,1.9,1.2,3.0,3.5,3.2,3.0,3.0,2.4,1.8,8.4,2.3,3.3,9.4,1.4,1.0,Teacher
1.9,2.3,3.9,1.9,3.6,1.5,1.9,1.8,1.2,2.3,1.2,2.9,9.8,2.4,1.4,9.5,2.4,3.6,Teacher
2.4,3.3,2.3,1.8,2.6,2.3,1.4,3.2,3.7,1.4,2.5,2.2,9.6,1.5,2.3,8.9,2.4,3.9,Teacher
2.7,3.8,1.3,3.7,3.3,3.1,1.2,2.2,3.0,1.7,3.3,2.9,9.2,3.9,3.1,8.4,1.4,2.5,Teacher
3.8,3.4,3.2,2.0,2.9,1.2,3.5,3.3,2.3,3.1,2.7,2.4,8.5,3.4,3.5,9.5,1.7,3.4,Teacher
2.7,3.0,3.1,3.1,3.9,2.5,2.1,3.4,3.9,1.7,2.5,2.7,8.1,2.9,3.4,9.0,1.4,2.8,Teacher
2.9,1.6,3.6,3.4,2.5,2.6,2.8,2.6,3.8,1.9,1.3,3.0,9.5,2.9,3.5,8.2,2.8,3.8,Teacher
1.1,2.0,2.6,1.5,2.8,3.5,3.0,1.5,1.3,3.4,1.8,1.9,8.5,2.2,3.1,9.0,3.3,3.5,Teacher
3.9,1.6,2.9,1.7,1.5,2.8,3.0,1.0,2.7,3.9,3.1,3.7,9.3,3.7,2.9,8.7,3.0,3.0,Teacher
3.8,3.8,1.8,3.7,1.5,1.1,1.0,1.1,3.6,1.8,2.9,3.7,9.8,2.8,1.4,8.1,3.9,3.6,Teacher
3.4,2.4,3.4,1.4,3.6,3.9,1.6,2.2,3.9,1.2,1.5,2.6,8.7,3.6,2.6,9.9,3.5,2.2,Teacher
3.0,3.6,3.5,3.6,1.7,1.4,2.0,2.2,3.9,1.6,2.9,2.9,9.0,2.9,4.0,9.0,1.2,1.2,Teacher
2.1,2.9,2.4,2.6,3.4,3.9,1.2,3.6,1.2,2.9,2.2,3.0,9.5,3.9,3.6,8.1,2.9,2.3,Teacher
3.7,2.5,3.3,3.2,1.2,3.2,1.1,2.3,2.0,3.9,3.5,1.7,9.9,2.5,2.7,8.5,1.7,1.8,Teacher
2.9,2.7,3.5,3.1,2.5,3.6,1.0,1.0,2.1,1.3,3.4,3.4,8.5,3.9,1.2,9.6,3.1,2.4,Teacher
2.7,3.0,3.9,2.3,3.7,3.1,2.3,3.9,2.4,2.1,3.2,2.5,8.0,3.6,3.4,9.9,2.6,3.7,Teacher
1.1,3.8,1.7,1.9,1.9,2.4,3.3,2.1,3.2,3.2,1.8,1.5,9.0,1.3,1.2,8.4,1.8,2.0,Teacher
3.0,1.3,3.1,2.3,1.9,3.0,1.3,3.8,1.8,3.7,3.1,2.6,9.2,2.7,2.2,9.4,2.9,3.9,Teacher
2.9,1.5,2.3,1.0,3.5,2.3,2.8,3.4,1.8,1.2,1.1,2.2,9.4,3.5,1.5,8.1,2.0,1.5,Teacher
1.2,3.1,2.8,2.7,3.4,3.6,2.9,2.0,1.1,2.8,1.6,1.8,9.2,2.9,2.9,8.9,3.7,3.1,Teacher
2.9,3.2,3.3,2.4,3.1,4.0,1.3,2.5,1.7,3.4,3.4,2.9,9.8,2.1,1.6,8.2,3.0,3.5,Teacher
2.3,3.2,2.7,2.1,2.7,1.6,1.3,2.7,2.3,2.8,3.4,2.3,9.4,2.6,1.1,9.1,3.7,2.7,Teacher
2.4,1.0,1.9,3.3,1.4,2.9,2.1,1.9,3.0,1.2,2.0,1.1,8.1,2.4,3.6,8.8,1.6,1.3,Teacher
1.7,3.5,1.3,2.0,2.4,1.2,2.6,2.5,1.3,3.7,3.6,2.5,8.9,2.2,1.9,8.2,3.6,2.7,Teacher
2.5,3.9,3.5,2.5,2.9,2.5,2.8,1.3,1.8,2.0,2.9,1.5,9.5,1.5,1.2,9.6,3.8,3.9,Teacher
2.9,2.3,2.5,2.4,3.7,3.5,3.6,1.5,3.5,3.7,1.5,2.1,8.3,3.8,2.5,9.1,3.8,3.1,Teacher
3.4,1.8,1.9,1.5,1.8,2.3,1.0,1.5,3.5,2.3,2.5,2.4,9.3,2.2,2.5,8.6,1.9,2.5,Teacher
2.5,3.1,3.2,2.6,1.9,2.8,2.6,1.0,3.8,1.2,1.9,3.7,8.0,3.5,3.8,9.6,3.0,1.9,Teacher
2.3,1.7,2.1,3.6,2.2,2.7,1.9,1.3,2.5,3.2,1.6,3.9,9.8,3.3,1.6,9.5,3.6,1.0,Teacher
4.0,1.3,1.6,3.3,1.3,3.9,2.0,2.6,2.7,3.4,2.1,3.1,8.1,1.4,1.6,8.7,3.0,3.1,Teacher
1.9,1.7,3.2,3.5,2.3,1.6,3.5,3.6,2.8,2.9,1.3,3.3,9.4,2.9,1.1,8.9,1.5,3.4,Teacher
2.1,3.9,1.2,2.2,2.7,3.3,3.6,3.7,3.4,3.4,2.3,2.7,10.0,3.0,3.7,8.8,2.8,2.2,Teacher
3.1,3.5,3.2,2.7,2.5,1.9,2.0,1.9,3.0,1.9,3.2,1.2,9.0,2.2,3.2,8.5,2.5,1.9,Teacher
1.9,3.9,1.4,3.3,2.2,2.0,2.8,1.9,1.2,1.6,1.5,3.7,8.1,3.4,3.3,8.1,3.9,1.5,Teacher
3.4,2.0,1.4,1.9,2.2,3.2,1.3,2.1,3.9,2.4,2.8,2.7,9.1,2.2,1.8,9.3,2.1,2.6,Teacher
3.1,3.2,1.5,1.3,2.1,2.3,2.0,1.5,3.7,1.0,1.8,2.2,8.7,2.9,3.1,9.4,2.6,2.9,Teacher
1.4,2.8,1.3,2.6,1.1,3.2,2.9,1.9,2.0,1.3,3.7,1.9,9.7,1.8,2.8,9.9,2.0,3.9,Teacher
2.8,3.6,1.4,5.6,3.1,2.0,3.8,1.2,1.1,9.2,3.1,2.8,3.5,2.6,9.2,3.5,1.2,2.0,UI/UX Designer
1.5,3.7,1.2,5.2,3.6,3.4,3.5,2.1,1.7,8.3,3.7,1.9,2.5,3.1,10.0,1.3,2.2,2.1,UI/UX Designer
2.4,1.7,1.2,5.4,3.4,1.8,2.7,1.7,3.1,9.1,2.5,4.0,3.3,3.8,9.0,2.0,3.6,2.4,UI/UX Designer
2.1,2.6,3.1,6.3,2.5,3.9,3.7,2.4,2.3,9.3,3.3,2.2,2.2,3.9,9.9,2.3,3.4,2.3,UI/UX Designer
1.9,2.3,3.4,7.0,2.3,3.2,3.7,3.3,3.7,8.5,1.7,1.2,2.5,3.9,9.1,2.8,1.3,3.3,UI/UX Designer
3.8,3.4,2.4,5.0,2.2,2.0,1.1,2.0,2.8,9.1,1.9,2.9,3.8,3.7,9.6,1.4,3.7,2.5,UI/UX Designer
3.7,3.0,3.3,5.2,3.4,3.6,2.6,1.2,1.7,9.9,2.6,2.9,2.2,1.4,9.0,2.6,1.3,1.4,UI/UX Designer
3.7,2.8,3.4,5.8,3.1,3.3,2.9,2.1,3.6,8.7,1.2,3.2,1.5,3.9,9.0,2.2,2.9,1.1,UI/UX Designer
2.4,3.9,1.8,6.1,2.3,2.1,3.1,1.8,3.9,8.6,2.4,2.0,3.7,1.9,9.4,1.8,1.0,1.1,UI/UX Designer
2.6,2.6,1.7,6.0,3.5,1.1,2.7,3.5,3.2,9.7,2.5,1.1,3.6,2.0,9.9,1.2,2.5,3.1,UI/UX Designer
2.2,3.4,2.6,5.7,1.9,1.4,3.7,2.4,3.4,9.6,1.8,2.5,3.5,1.8,9.2,2.2,1.4,1.4,UI/UX Designer
3.8,3.2,2.4,5.3,2.2,1.1,3.1,2.2,3.7,8.6,2.7,3.3,3.1,1.8,9.0,3.7,1.7,2.2,UI/UX Designer
2.0,1.2,2.6,6.3,3.9,3.7,3.0,2.0,1.0,8.8,3.5,3.7,1.2,2.3,9.6,3.8,4.0,2.4,UI/UX Designer
2.6,1.2,1.5,5.9,3.8,3.1,2.2,3.0,1.2,9.2,2.7,3.8,1.5,1.9,9.1,2.2,1.8,3.7,UI/UX Designer
3.2,3.8,1.8,5.6,2.8,2.9,3.9,1.7,1.9,9.1,1.1,1.3,1.0,3.8,9.9,1.0,2.8,3.1,UI/UX Designer
1.4,3.5,1.3,5.6,1.4,2.0,1.3,3.8,3.6,9.7,1.3,1.4,2.9,2.9,9.2,3.9,3.0,2.5,UI/UX Designer
1.8,1.0,3.9,5.4,1.5,3.3,2.0,3.9,1.2,10.0,2.6,3.6,2.8,2.5,9.2,3.8,3.3,3.1,UI/UX Designer
2.3,2.6,2.5,5.1,3.4,1.1,3.5,2.4,3.6,8.4,3.5,3.9,1.3,2.0,9.8,1.8,1.7,3.6,UI/UX Designer
2.7,1.6,3.0,6.8,1.4,1.6,3.5,2.2,3.7,8.2,1.4,1.7,3.9,2.2,9.3,1.8,1.6,2.6,UI/UX Designer
1.4,1.6,2.0,6.1,3.1,3.5,2.2,1.2,3.1,9.9,1.9,2.0,2.7,1.9,9.2,3.3,3.6,2.6,UI/UX Designer
2.3,2.4,3.1,6.7,3.5,2.1,1.1,1.5,3.5,8.1,2.0,3.2,2.5,3.3,9.1,3.6,1.7,1.1,UI/UX Designer
1.7,2.6,3.3,6.3,3.3,3.6,2.7,1.9,1.8,8.1,3.8,2.6,1.8,3.4,9.7,3.0,1.6,1.3,UI/UX Designer
2.9,1.2,3.2,5.0,2.7,1.4,1.5,3.7,1.6,9.8,3.4,3.1,3.1,2.5,10.0,2.7,1.3,3.1,UI/UX Designer
1.5,1.4,2.3,5.2,1.1,2.0,1.5,1.3,3.9,9.2,3.0,3.4,2.1,3.8,9.5,3.0,3.9,3.4,UI/UX Designer
2.4,1.4,1.7,5.2,3.5,1.9,2.2,3.6,2.7,8.1,2.1,3.8,2.4,2.9,9.5,1.5,3.0,2.2,UI/UX Designer
3.8,3.4,3.8,5.2,2.9,2.9,1.5,1.4,2.9,8.2,3.8,3.4,1.9,4.0,9.3,2.2,4.0,1.7,UI/UX Designer
2.8,2.8,2.9,6.1,2.0,3.3,2.0,2.2,2.5,8.8,3.1,3.8,3.7,2.9,9.4,3.4,2.4,3.7,UI/UX Designer
2.7,1.6,2.9,5.7,3.3,3.5,3.8,2.7,2.6,9.5,1.1,3.4,2.6,2.4,9.3,1.3,3.2,3.2,UI/UX Designer
2.0,1.3,3.2,5.8,3.4,3.3,3.6,2.2,2.1,9.8,1.8,3.1,2.1,2.2,9.6,3.4,1.6,2.7,UI/UX Designer
2.8,2.8,3.3,5.2,4.0,2.8,3.1,1.0,1.5,9.3,3.8,1.7,3.6,1.5,9.8,3.8,1.6,3.7,UI/UX Designer
3.2,1.3,2.8,5.9,2.3,1.6,1.9,1.7,3.5,8.1,1.7,2.3,3.5,2.8,9.8,1.8,3.2,2.6,UI/UX Designer
2.3,1.8,1.2,5.6,3.3,3.8,1.2,2.8,1.3,8.0,3.1,3.8,1.4,1.5,9.9,3.0,2.8,3.1,UI/UX Designer
1.0,1.4,3.3,7.0,3.1,3.3,1.5,2.6,1.2,8.7,1.2,1.1,1.4,1.6,9.3,3.3,2.3,2.2,UI/UX Designer
1.4,2.4,2.2,5.4,1.6,2.9,3.8,3.6,1.3,8.1,3.1,2.7,1.9,3.9,9.9,2.1,3.0,1.5,UI/UX Designer
3.0,1.1,1.1,6.0,1.6,3.0,3.4,2.6,3.0,9.8,3.2,2.3,2.4,1.2,9.3,2.8,2.5,1.8,UI/UX Designer
3.2,2.8,3.5,6.5,4.0,1.6,3.4,3.6,1.4,8.5,2.0,1.3,1.4,1.8,9.4,3.6,1.4,2.9,UI/UX Designer
4.0,1.6,3.8,6.1,2.2,3.3,1.7,2.6,1.5,8.8,3.2,3.3,2.7,1.9,9.4,3.1,1.9,3.0,UI/UX Designer
3.1,2.9,3.0,6.6,3.1,1.6,2.2,3.3,1.9,8.9,1.2,1.8,3.9,1.7,9.6,1.5,1.3,3.5,UI/UX Designer
2.3,3.4,2.0,6.7,2.2,2.0,2.8,1.7,2.2,8.3,3.8,1.7,3.4,2.7,9.7,3.1,3.2,3.8,UI/UX Designer
1.6,2.6,1.7,6.9,1.6,1.0,3.2,1.4,1.2,8.4,2.4,2.5,2.8,2.3,9.4,1.9,1.2,1.3,UI/UX Designer
2.9,3.7,2.9,6.6,3.8,2.8,1.5,1.9,3.1,8.3,3.6,1.2,3.0,3.6,9.8,3.9,4.0,2.5,UI/UX Designer
2.9,1.2,2.9,5.9,2.0,3.6,1.9,1.2,3.0,9.3,2.4,1.4,2.4,2.1,9.5,3.0,2.6,1.4,UI/UX Designer
3.2,2.5,3.5,5.6,3.7,3.4,1.1,2.0,1.7,8.6,3.4,2.8,3.2,2.6,9.2,1.5,1.9,3.7,UI/UX Designer
1.7,3.9,3.9,6.5,2.4,3.1,3.9,2.8,3.6,8.3,3.2,3.5,1.9,2.0,9.3,4.0,1.7,3.3,UI/UX Designer
2.3,3.8,2.3,6.3,2.4,1.9,1.1,3.3,1.1,9.5,2.1,3.9,1.7,3.7,9.2,2.1,2.2,3.5,UI/UX Designer
2.9,3.2,1.1,5.1,3.6,2.4,2.3,1.7,2.1,8.5,1.6,3.0,2.4,1.7,9.2,2.8,1.7,1.1,UI/UX Designer
3.8,2.5,2.6,6.1,2.1,1.4,3.5,1.7,2.1,9.7,2.3,3.7,3.3,1.6,9.7,2.6,2.4,2.4,UI/UX Designer
2.2,1.7,3.5,6.0,1.6,2.0,3.5,2.5,3.7,8.3,2.9,2.6,2.5,2.7,9.1,1.7,3.9,3.8,UI/UX Designer
2.8,3.0,3.6,5.5,3.8,2.5,3.7,1.5,2.5,9.3,2.6,3.9,2.8,1.9,9.7,3.2,1.8,2.6,UI/UX Designer
3.8,2.6,1.5,5.9,2.6,1.9,3.6,2.0,1.6,9.0,2.9,2.9,1.7,3.1,9.8,2.3,1.9,2.0,UI/UX Designer
3.7,2.1,1.7,6.8,1.4,3.1,1.1,2.6,3.8,9.2,2.1,2.6,2.9,2.5,9.7,2.5,2.4,3.9,UI/UX Designer
2.1,1.9,1.4,5.0,1.8,1.9,3.1,2.4,2.0,9.5,2.9,1.8,3.2,2.8,9.5,3.6,2.3,3.5,UI/UX Designer
2.3,1.2,1.7,6.1,2.0,2.2,3.9,2.4,1.2,9.0,3.2,3.0,3.4,2.7,9.4,2.9,1.2,2.4,UI/UX Designer
1.7,3.7,3.0,6.9,1.2,2.9,3.7,1.1,3.5,9.0,2.5,4.0,3.6,1.5,9.3,2.6,3.0,2.1,UI/UX Designer
3.6,3.7,3.7,6.9,3.0,2.3,2.7,1.7,1.5,9.3,1.8,2.9,3.3,1.1,9.7,1.3,3.9,2.7,UI/UX Designer
3.6,3.5,3.5,5.7,2.1,1.5,3.4,3.0,3.3,8.9,2.0,3.4,1.2,3.4,9.8,1.7,1.5,3.9,UI/UX Designer
3.6,3.8,3.5,5.9,2.1,1.3,1.9,1.1,2.0,9.5,1.3,2.2,1.9,2.2,9.0,3.6,1.9,2.2,UI/UX Designer
2.8,2.1,2.9,5.4,2.2,3.7,2.5,3.4,3.5,9.5,2.3,2.3,3.0,1.0,9.8,1.5,2.4,1.1,UI/UX Designer
2.7,3.7,1.7,5.6,2.2,1.0,3.8,3.4,2.7,9.7,2.6,3.2,2.6,2.0,9.4,2.9,2.4,3.9,UI/UX Designer
2.8,3.8,3.2,5.2,3.8,1.2,2.9,1.9,1.1,9.9,2.3,1.2,3.3,3.1,9.8,3.2,3.5,1.2,UI/UX Designer
2.1,2.3,3.4,7.0,3.5,1.5,1.0,2.8,3.8,9.3,3.8,1.8,3.9,1.7,9.5,3.1,3.3,1.9,UI/UX Designer
1.6,3.2,2.0,5.3,1.1,1.9,2.8,3.8,2.8,8.6,3.9,1.2,3.6,1.3,9.1,2.1,3.9,1.9,UI/UX Designer
3.0,3.2,2.9,6.7,3.5,2.0,2.4,3.5,3.9,8.6,1.2,1.1,1.8,2.0,9.7,3.8,3.3,3.6,UI/UX Designer
2.8,1.2,2.3,5.7,3.1,3.4,1.8,1.7,1.6,8.9,2.5,3.2,1.0,1.6,9.2,2.9,2.4,1.1,UI/UX Designer
3.7,1.0,2.4,5.8,2.7,3.7,2.3,2.3,3.8,9.5,1.8,1.8,3.4,1.0,9.2,2.7,2.6,3.9,UI/UX Designer
2.0,1.1,2.4,5.2,1.1,2.1,3.1,1.3,2.8,8.0,1.6,1.9,2.3,3.4,9.7,2.1,2.4,2.5,UI/UX Designer
3.9,4.0,1.6,5.3,2.3,2.5,1.1,2.2,1.6,8.4,1.2,2.5,3.8,2.5,9.9,3.4,2.7,3.2,UI/UX Designer
2.8,2.7,4.0,6.8,3.2,2.1,3.8,3.1,1.9,9.1,1.1,3.2,2.1,4.0,10.0,1.5,3.7,2.4,UI/UX Designer
2.7,1.9,1.2,6.2,1.5,2.5,3.4,1.5,4.0,8.6,2.3,1.2,2.2,2.0,9.2,3.9,3.1,1.1,UI/UX Designer
2.4,1.0,3.4,5.2,3.5,3.4,3.0,3.0,2.9,10.0,1.6,3.2,3.2,2.0,9.1,2.4,2.1,1.1,UI/UX Designer
3.6,2.5,2.9,2.5,1.1,2.7,4.0,3.5,3.5,7.5,1.4,1.2,1.2,3.2,9.8,2.7,1.7,2.0,Graphic Designer
3.0,2.9,2.5,3.2,2.2,1.4,3.5,2.3,3.5,9.2,1.1,3.9,1.4,4.0,9.5,1.7,3.8,1.8,Graphic Designer
2.8,2.6,2.7,3.2,1.7,3.3,3.3,2.6,2.3,9.0,2.6,3.5,3.5,3.7,9.1,1.8,1.1,3.6,Graphic Designer
2.4,2.7,2.2,2.8,3.9,3.3,2.2,1.5,3.0,7.0,3.5,1.0,1.5,2.2,9.9,1.5,3.1,1.7,Graphic Designer
2.3,3.8,1.7,2.9,3.2,3.0,3.4,1.3,2.8,8.0,2.9,2.7,1.4,3.2,9.5,2.0,3.5,2.1,Graphic Designer
1.7,4.0,1.8,2.0,2.0,1.5,1.2,2.1,3.0,8.3,3.7,2.3,2.0,1.2,9.8,1.8,1.8,1.6,Graphic Designer
2.1,2.0,2.0,2.0,2.8,3.9,1.0,2.0,1.3,9.9,2.2,3.1,3.2,3.0,9.5,1.6,3.6,2.9,Graphic Designer
2.5,2.6,2.7,2.9,2.4,2.3,3.2,3.3,1.3,9.1,3.1,1.3,3.5,2.5,9.0,2.2,3.2,1.3,Graphic Designer
2.8,2.0,2.6,3.0,2.6,4.0,2.9,3.6,3.7,10.0,3.5,3.3,3.1,2.6,9.3,3.7,1.3,3.1,Graphic Designer
3.9,2.8,3.1,2.2,2.0,2.1,1.1,1.9,2.1,9.4,3.0,1.5,2.9,2.4,9.7,1.7,1.1,2.5,Graphic Designer
2.1,3.3,1.1,1.7,2.7,1.4,2.1,1.2,1.0,9.8,1.7,2.5,1.3,2.3,9.6,1.0,3.0,2.9,Graphic Designer
1.2,2.9,3.7,3.7,2.5,2.6,1.3,2.3,3.7,8.5,1.8,3.4,1.0,2.6,9.6,1.2,1.2,1.1,Graphic Designer
2.8,3.7,3.9,1.1,1.4,3.3,1.5,1.5,1.4,9.3,1.8,2.1,3.4,2.6,9.6,1.9,3.8,3.9,Graphic Designer
3.8,1.4,3.4,3.4,1.2,2.5,1.1,3.3,1.0,7.0,1.9,2.8,3.1,2.6,10.0,3.9,2.5,2.4,Graphic Designer
2.5,2.2,3.4,2.3,3.0,2.8,1.6,1.9,2.8,9.0,1.7,3.2,2.8,2.1,9.5,2.6,1.8,3.5,Graphic Designer
4.0,1.0,2.9,3.5,3.0,2.6,3.1,2.6,1.4,9.7,1.1,3.8,3.9,3.4,9.6,2.8,2.9,2.8,Graphic Designer
3.7,2.0,2.7,3.0,3.9,2.9,1.6,2.3,3.0,9.1,1.8,3.6,1.0,1.6,9.4,1.1,2.8,1.1,Graphic Designer
2.5,1.3,2.2,2.7,3.7,1.4,2.2,3.5,2.5,8.3,2.8,4.0,3.0,2.8,9.2,1.9,1.9,1.2,Graphic Designer
3.7,1.4,3.6,1.9,4.0,3.3,2.9,2.8,2.0,9.7,1.8,3.6,2.0,4.0,10.0,1.5,1.2,3.8,Graphic Designer
3.5,1.6,1.9,2.0,2.3,1.4,1.5,3.7,2.7,9.5,2.5,1.2,1.5,2.6,9.3,3.9,3.4,2.6,Graphic Designer
2.5,2.3,1.5,3.5,3.2,1.9,4.0,1.6,1.3,9.7,1.6,3.2,3.8,3.6,9.6,1.7,2.2,3.9,Graphic Designer
1.6,3.1,1.4,3.1,1.6,1.8,2.8,1.4,1.7,8.2,3.1,2.9,2.5,1.0,9.9,2.8,1.5,2.4,Graphic Designer
3.3,2.7,2.4,3.0,2.9,2.9,3.7,3.5,2.7,8.2,1.1,1.9,3.3,3.1,9.4,2.4,3.5,3.1,Graphic Designer
1.4,1.5,1.9,2.0,1.1,2.1,1.4,1.9,3.8,7.4,3.2,3.0,2.3,2.6,9.5,1.5,3.8,3.3,Graphic Designer
4.0,1.7,2.2,1.7,3.9,3.3,1.8,1.7,3.5,9.7,2.6,1.2,2.4,1.1,9.2,3.4,1.3,3.4,Graphic Designer
1.3,3.6,3.9,2.6,1.1,2.1,2.5,2.7,1.9,7.4,3.0,1.2,3.1,1.6,9.4,3.1,3.2,1.2,Graphic Designer
2.2,3.2,3.0,2.4,2.2,2.0,3.3,3.5,1.3,9.0,3.5,1.1,1.9,3.1,10.0,3.4,3.7,2.3,Graphic Designer
2.8,3.3,3.7,1.6,2.1,2.3,3.6,3.6,3.8,7.2,1.4,1.2,3.6,2.0,9.5,2.5,1.6,1.1,Graphic Designer
1.1,2.4,3.1,1.7,1.8,3.0,2.0,2.5,1.5,7.4,3.9,1.9,3.5,1.3,9.7,3.4,3.6,1.3,Graphic Designer
3.9,1.9,3.6,3.3,2.1,1.1,2.5,1.3,3.4,8.0,3.4,1.8,3.9,2.4,9.6,2.5,1.2,2.8,Graphic Designer
2.6,3.8,2.9,3.4,3.2,2.0,1.4,1.1,1.4,9.7,1.3,4.0,3.3,3.8,9.4,2.7,1.8,1.1,Graphic Designer
1.8,3.6,1.1,3.7,2.8,3.0,1.8,1.4,1.0,7.8,2.2,1.4,2.0,2.0,9.9,3.5,1.6,1.5,Graphic Designer
4.0,1.3,2.0,2.7,2.2,3.7,3.2,2.5,2.6,7.9,3.8,3.7,2.8,2.1,9.8,1.1,3.9,1.4,Graphic Designer
3.2,3.6,3.5,2.7,1.4,3.1,1.7,1.7,1.7,8.6,1.8,1.9,2.0,3.3,9.3,2.8,2.4,3.4,Graphic Designer
3.3,1.1,2.5,3.2,3.1,1.5,3.1,1.4,2.8,7.1,1.2,2.6,3.7,2.6,9.4,3.3,3.1,3.2,Graphic Designer
3.8,2.6,3.8,2.1,2.9,1.6,3.9,2.3,2.2,7.1,2.7,2.5,1.3,2.6,9.3,1.9,1.7,3.4,Graphic Designer
2.0,2.9,2.6,2.3,3.4,2.3,1.5,1.7,1.8,8.6,1.1,1.0,3.3,3.9,9.3,4.0,2.5,3.2,Graphic Designer
3.7,3.5,2.2,3.0,1.6,2.2,3.4,1.3,3.9,7.6,1.5,1.6,1.5,3.2,9.5,1.6,2.9,1.2,Graphic Designer
2.6,3.9,3.3,3.8,3.4,3.4,3.3,2.8,1.3,7.4,1.5,1.8,2.0,2.7,9.7,1.2,1.8,3.5,Graphic Designer
3.3,3.5,3.9,2.4,2.6,2.1,1.8,2.8,2.5,8.6,4.0,3.1,1.1,3.7,9.4,2.7,1.2,2.8,Graphic Designer
2.0,1.2,2.7,1.9,1.9,1.9,3.9,2.8,1.0,9.4,1.2,3.3,2.9,2.9,9.6,3.3,2.3,1.2,Graphic Designer
2.2,1.2,3.0,3.2,1.3,1.9,3.1,3.5,2.5,9.0,3.5,3.0,3.0,1.7,9.3,3.2,1.3,3.3,Graphic Designer
2.2,2.5,3.3,2.2,2.6,1.1,2.4,3.0,1.4,9.1,3.9,3.2,1.4,3.6,9.3,3.5,3.9,3.2,Graphic Designer
2.1,1.9,1.6,3.4,1.8,2.9,1.6,1.8,1.4,9.4,3.8,3.5,4.0,1.0,9.7,1.9,2.4,3.7,Graphic Designer
1.1,2.3,2.2,3.9,3.8,1.5,1.3,3.8,2.0,9.5,2.6,2.8,2.7,1.5,9.1,2.4,3.9,1.2,Graphic Designer
1.2,3.0,3.3,3.4,2.6,3.6,1.2,2.1,1.8,8.6,2.6,2.7,3.1,2.5,9.9,2.4,3.8,1.3,Graphic Designer
1.5,1.2,3.6,1.8,2.9,3.9,3.5,1.5,3.2,8.9,2.1,2.3,2.7,1.6,9.2,1.4,1.1,1.3,Graphic Designer
1.7,2.6,3.9,2.4,1.1,1.9,1.1,1.3,2.0,8.3,1.7,1.2,1.3,2.1,9.2,1.1,1.6,2.8,Graphic Designer
3.4,3.8,1.6,3.9,1.4,1.7,1.1,2.1,1.2,9.5,1.1,3.4,2.2,3.5,9.1,3.4,2.7,3.5,Graphic Designer
2.1,4.0,3.1,2.0,3.5,2.9,2.6,3.3,3.6,8.2,2.1,3.3,3.2,1.8,9.2,3.0,3.9,1.4,Graphic Designer
2.6,2.6,3.0,1.2,3.5,1.4,2.8,3.2,2.8,9.4,4.0,1.6,2.9,1.2,9.2,1.3,1.7,1.3,Graphic Designer
2.3,2.8,1.7,2.5,2.5,2.2,2.7,2.0,2.3,9.7,2.0,2.4,1.7,3.4,9.5,1.7,3.1,3.9,Graphic Designer
3.4,4.0,2.0,1.8,2.0,1.7,1.0,2.3,3.4,7.7,3.4,2.9,1.6,2.4,9.9,3.4,3.9,2.2,Graphic Designer
1.1,3.6,1.1,1.9,2.1,3.9,1.6,3.8,2.3,9.5,1.7,2.2,3.2,3.0,9.3,1.1,1.9,1.0,Graphic Designer
2.3,2.9,3.2,1.9,2.3,2.1,3.3,1.6,3.1,9.2,1.4,3.9,1.4,1.7,9.7,1.8,2.2,3.9,Graphic Designer
3.7,3.6,1.6,1.7,3.8,3.9,3.5,1.2,1.3,9.5,1.8,1.8,2.2,3.8,9.3,2.3,1.2,2.5,Graphic Designer
2.9,2.6,3.1,3.0,3.4,1.3,1.2,2.9,2.0,9.1,1.6,1.4,3.3,1.7,9.3,3.9,1.7,1.9,Graphic Designer
2.5,1.5,2.5,1.8,1.4,1.4,4.0,1.7,1.8,9.2,1.9,1.5,1.1,1.5,9.4,2.4,2.6,3.1,Graphic Designer
2.6,2.4,1.5,1.3,1.9,1.9,2.5,2.5,2.5,9.3,1.7,3.2,1.4,1.2,9.1,4.0,1.9,3.1,Graphic Designer
2.5,1.0,1.6,2.9,2.3,1.0,1.1,1.4,2.3,9.9,3.7,2.2,1.1,2.9,9.3,3.0,4.0,2.8,Graphic Designer
1.4,2.1,2.4,2.1,2.4,1.6,2.5,2.2,2.5,8.7,1.7,3.1,3.2,3.2,9.2,1.7,1.8,3.8,Graphic Designer
2.5,3.9,1.4,1.8,2.1,2.7,3.6,1.9,3.2,7.7,4.0,1.7,1.3,1.3,9.1,1.9,1.7,2.1,Graphic Designer
1.3,3.9,1.2,2.4,1.5,3.8,3.8,2.3,2.5,8.2,3.3,2.9,1.3,1.5,9.4,4.0,2.6,3.6,Graphic Designer
2.7,1.3,2.0,2.8,2.3,2.9,2.7,1.8,2.9,7.1,3.8,3.5,2.9,3.9,9.1,3.5,1.6,3.6,Graphic Designer
1.6,2.5,3.8,2.8,3.3,2.1,2.0,1.6,2.6,8.3,2.4,2.2,2.7,2.2,10.0,1.7,1.7,1.6,Graphic Designer
3.8,2.3,3.5,3.7,1.2,2.7,2.3,3.1,2.6,8.7,3.6,3.2,2.1,3.8,9.8,2.8,1.2,3.6,Graphic Designer
2.8,1.6,4.0,1.8,1.8,3.2,2.0,2.7,1.3,8.4,1.0,2.6,1.4,2.4,9.4,1.7,1.7,1.4,Graphic Designer
1.0,1.6,3.7,2.7,3.5,2.6,2.1,2.0,1.4,9.1,2.6,2.4,1.9,1.4,9.7,3.1,2.0,1.9,Graphic Designer
3.4,3.7,2.4,1.9,2.9,1.4,2.0,3.8,1.8,9.6,2.9,2.5,3.1,2.0,9.8,3.3,3.9,1.5,Graphic Designer
2.1,2.3,1.2,3.5,2.8,3.3,2.3,1.6,1.7,8.4,2.8,3.9,1.2,3.7,9.8,2.4,3.4,3.4,Graphic Designer
2.8,2.7,2.3,3.2,3.8,1.1,2.0,3.1,3.9,1.1,2.1,3.0,8.4,1.1,9.4,8.1,3.4,3.5,Journalist
1.4,4.0,1.0,3.0,2.3,3.5,1.2,2.6,3.8,2.2,2.0,2.8,9.6,1.5,7.7,8.5,1.5,2.7,Journalist
1.6,1.5,2.5,3.6,1.5,1.3,3.9,3.0,3.6,2.7,2.7,3.6,8.8,1.1,8.2,10.0,3.6,1.6,Journalist
3.7,2.7,1.3,3.4,2.8,2.2,1.0,1.5,3.8,3.8,3.3,1.9,8.1,3.5,8.0,8.7,2.4,3.9,Journalist
3.0,1.3,3.1,3.9,2.0,3.5,2.4,3.6,3.4,3.9,1.8,1.3,9.3,1.1,9.5,8.4,1.4,3.5,Journalist
2.4,3.0,2.7,3.2,1.2,1.2,2.7,3.7,1.6,2.0,2.0,3.2,9.6,2.7,7.5,8.9,3.2,2.7,Journalist
3.4,1.6,3.9,3.0,1.8,1.2,2.8,1.5,1.3,2.5,1.6,2.4,8.5,2.5,9.0,9.1,3.6,2.1,Journalist
2.6,2.0,2.1,1.1,1.4,1.6,1.7,1.6,2.5,3.9,3.4,2.5,9.7,3.2,8.9,9.0,2.7,3.0,Journalist
3.5,2.8,3.3,1.2,2.0,1.3,3.3,3.9,1.3,3.6,1.2,3.4,8.8,3.4,9.7,8.5,3.6,2.6,Journalist
1.0,1.9,4.0,3.5,2.2,2.7,1.4,2.9,2.3,2.0,3.1,1.2,9.9,3.4,7.9,8.1,2.6,1.9,Journalist
3.1,1.4,2.3,1.8,3.7,3.0,1.1,1.7,2.8,3.2,2.9,2.1,9.7,1.6,7.5,9.1,1.8,2.5,Journalist
2.3,3.4,1.8,1.4,1.0,2.4,2.1,3.3,3.4,3.2,3.4,1.0,9.8,3.8,7.2,10.0,3.8,2.0,Journalist
3.6,3.9,1.5,3.9,1.6,3.6,2.4,2.4,1.3,3.5,3.7,1.9,8.7,4.0,8.4,8.6,1.1,2.9,Journalist
3.1,3.9,3.8,2.3,2.5,2.0,3.5,1.5,3.9,1.3,3.1,2.8,9.1,1.9,7.4,8.6,1.5,2.1,Journalist
2.6,2.0,2.9,1.0,3.1,2.6,1.8,3.3,3.9,1.9,3.8,3.3,9.8,2.4,9.5,8.6,1.9,2.6,Journalist
2.3,2.4,3.4,2.1,3.8,1.3,3.8,1.1,1.9,3.5,2.8,2.9,8.7,3.7,7.8,9.3,1.6,2.6,Journalist
1.6,3.9,2.9,3.5,2.0,3.8,1.8,1.4,1.4,1.3,1.0,2.9,9.2,3.3,7.5,9.7,3.9,1.3,Journalist
3.1,3.1,2.9,2.3,3.5,1.9,3.2,2.0,3.7,2.5,2.0,1.7,8.2,1.5,8.4,8.4,3.5,2.0,Journalist
3.7,3.5,2.3,3.6,3.8,1.7,3.1,2.6,4.0,3.3,1.8,1.5,9.1,1.8,7.4,9.1,3.9,3.8,Journalist
2.0,3.2,2.7,3.4,1.3,3.9,3.4,3.2,3.1,2.0,2.0,2.3,9.6,3.0,8.7,9.1,2.9,3.2,Journalist
1.8,1.9,1.3,4.0,1.8,2.4,1.6,2.9,3.1,3.6,1.8,1.2,8.5,1.4,8.2,10.0,3.1,2.6,Journalist
1.3,3.6,2.5,4.0,1.4,4.0,1.5,3.1,2.0,1.4,3.1,2.0,10.0,1.5,7.4,9.2,1.2,1.6,Journalist
1.3,1.6,3.1,3.7,3.3,1.0,1.4,3.8,1.7,3.1,3.6,1.9,9.7,3.7,8.2,9.4,2.3,3.5,Journalist
1.3,2.4,3.4,3.3,2.8,1.8,2.4,1.5,3.9,2.3,3.1,3.3,8.5,1.8,9.1,10.0,1.8,1.6,Journalist
3.4,2.9,1.7,1.1,1.2,2.0,2.8,3.2,2.6,3.7,3.8,3.5,8.8,1.9,8.4,8.2,3.5,3.4,Journalist
2.6,1.2,2.3,3.3,1.2,3.1,2.2,1.8,2.8,3.1,2.4,2.2,8.2,3.8,8.0,8.4,1.1,1.7,Journalist
3.1,3.1,2.2,3.9,3.9,3.6,3.0,2.8,1.7,3.7,1.7,2.7,8.9,3.7,7.8,9.7,3.7,2.1,Journalist
1.3,3.3,3.7,3.0,1.1,1.9,2.6,2.5,2.5,2.7,3.8,1.8,8.7,1.0,9.8,9.2,1.3,2.5,Journalist
2.5,2.9,2.4,1.7,3.1,3.3,2.4,1.7,3.8,1.5,2.0,2.6,8.7,1.4,7.1,9.3,3.9,3.4,Journalist
3.5,3.2,2.9,2.8,2.6,3.4,2.1,1.3,2.4,1.1,3.5,2.2,9.0,3.9,9.1,8.3,1.3,1.0,Journalist
2.5,1.5,2.3,3.2,3.4,3.5,3.8,1.7,3.3,1.5,3.7,3.9,8.3,2.3,9.0,8.8,1.2,1.6,Journalist
2.7,3.6,2.4,2.0,1.4,2.3,2.9,3.5,2.1,3.3,3.1,2.2,9.3,3.5,9.5,9.8,1.3,2.6,Journalist
2.0,1.1,1.1,2.5,3.6,2.7,2.9,3.9,3.8,4.0,2.1,1.6,9.1,3.6,7.1,8.7,3.1,2.0,Journalist
1.6,1.9,2.1,2.9,3.0,1.3,2.6,3.0,2.6,3.9,2.6,3.4,8.0,1.3,8.9,8.6,1.6,3.3,Journalist
3.8,1.7,3.9,3.6,2.1,3.1,3.9,1.1,3.4,1.6,1.6,3.9,8.2,2.4,8.6,8.7,3.4,2.2,Journalist
1.1,2.5,3.8,1.4,3.3,1.1,1.3,3.8,2.7,2.4,2.9,3.9,9.4,2.4,9.2,8.7,3.9,2.7,Journalist
2.9,2.5,2.0,3.5,1.5,3.2,3.3,3.1,1.5,3.9,2.6,1.8,9.9,2.4,9.7,9.4,3.0,2.9,Journalist
4.0,3.0,1.5,2.4,2.1,2.3,2.6,2.8,3.5,2.8,2.1,3.5,8.5,2.2,7.7,8.6,3.1,2.5,Journalist
3.1,1.7,3.8,1.4,1.1,2.4,2.6,2.8,1.5,2.9,1.8,2.1,9.3,1.8,7.5,8.9,1.4,3.4,Journalist
3.3,3.4,1.7,3.4,2.0,3.3,1.7,2.2,3.1,1.9,1.1,1.1,8.3,2.9,7.5,8.2,1.7,2.9,Journalist
1.2,2.3,2.9,4.0,1.7,1.7,2.6,1.2,3.6,1.4,3.5,3.9,9.5,1.4,8.7,8.8,2.1,1.4,Journalist
3.6,1.8,2.0,2.5,3.9,1.4,3.0,2.3,2.0,3.9,1.1,1.1,8.6,1.2,10.0,8.0,3.8,3.7,Journalist
2.8,2.1,4.0,3.1,3.7,3.5,3.0,3.9,3.9,2.2,1.4,3.9,8.6,4.0,9.8,10.0,1.9,2.7,Journalist
3.1,2.9,3.5,1.1,3.2,1.4,2.3,3.2,1.3,2.7,1.6,2.4,9.3,1.2,7.9,8.1,3.6,3.8,Journalist
1.6,3.4,3.6,1.1,3.8,1.7,3.0,1.5,2.4,1.8,2.8,1.3,8.1,2.1,8.1,8.4,2.5,3.2,Journalist
1.4,1.7,3.3,3.1,3.3,2.7,1.7,1.0,1.1,2.1,1.2,1.1,8.4,3.2,9.5,8.8,1.4,1.9,Journalist
1.6,2.7,2.1,1.9,3.3,3.9,1.9,3.5,3.4,2.1,2.1,3.5,9.5,1.8,9.9,8.4,2.6,2.1,Journalist
3.4,3.2,2.6,1.0,3.2,1.9,2.0,3.8,2.8,1.1,1.0,1.9,9.0,2.7,9.9,9.7,1.4,2.7,Journalist
2.0,1.4,3.7,1.8,2.4,3.2,3.2,2.4,2.6,3.1,3.2,1.3,9.8,3.3,9.7,9.6,3.9,1.5,Journalist
3.1,1.1,3.4,1.1,3.0,3.9,1.3,2.7,2.2,2.9,2.6,3.9,8.7,2.7,8.3,9.5,3.5,2.8,Journalist
1.5,3.9,2.4,3.3,3.6,1.7,1.0,3.5,3.5,3.9,1.5,2.7,8.6,1.8,9.0,8.4,2.0,3.1,Journalist
3.7,3.3,1.3,2.2,1.8,2.6,1.2,1.3,2.8,1.8,3.2,1.0,8.7,3.3,9.9,8.7,1.0,2.7,Journalist
1.6,1.6,2.9,1.0,1.5,1.3,1.1,2.1,1.7,3.4,1.5,2.7,8.6,2.2,9.8,8.7,1.6,1.1,Journalist
2.1,2.3,3.1,2.4,2.4,2.9,2.1,1.3,1.1,3.5,2.4,2.9,9.2,4.0,7.7,8.6,1.2,1.3,Journalist
2.1,2.9,2.7,1.5,1.6,3.4,1.9,1.1,1.2,1.0,1.5,3.0,8.3,2.4,7.4,8.8,1.4,3.3,Journalist
3.9,3.8,2.6,2.0,1.3,1.9,3.7,3.5,1.9,1.3,3.3,2.9,8.4,3.8,8.9,8.4,2.8,1.7,Journalist
3.7,2.4,3.5,3.1,3.6,3.2,3.2,3.1,3.3,1.1,1.9,1.9,8.9,3.7,9.8,9.5,2.9,3.4,Journalist
3.6,1.7,3.2,2.4,3.3,1.4,2.3,3.8,3.1,3.6,3.7,3.1,9.1,2.1,9.5,8.3,1.3,4.0,Journalist
2.9,2.9,3.3,2.5,1.5,1.3,2.7,3.5,2.5,2.3,2.8,1.7,8.7,3.6,9.0,9.3,3.8,3.6,Journalist
3.0,2.1,1.8,2.8,3.1,2.7,2.1,1.7,1.7,1.3,2.5,2.8,8.2,3.3,7.4,8.5,1.6,3.4,Journalist
2.5,3.7,2.9,3.1,2.7,1.2,1.7,1.0,1.0,3.5,3.8,1.8,9.7,3.4,7.0,9.0,3.6,3.7,Journalist
1.2,3.6,2.9,1.4,1.9,1.7,3.1,3.0,1.0,3.9,3.3,3.4,9.9,3.9,7.3,9.5,1.3,1.9,Journalist
1.8,2.4,1.2,3.9,1.7,1.6,2.1,3.7,3.9,2.1,2.2,2.6,8.0,3.7,8.8,8.3,1.8,3.1,Journalist
3.0,1.7,1.7,3.5,3.8,2.5,3.2,3.0,1.4,3.3,2.5,3.4,9.1,2.3,8.0,8.5,3.1,3.2,Journalist
1.2,3.2,3.5,1.2,2.9,1.7,1.1,2.4,1.5,3.7,3.6,2.1,9.0,1.0,9.8,8.8,1.8,3.8,Journalist
2.8,2.6,2.3,3.4,3.7,1.9,2.8,3.5,1.4,2.1,2.5,1.6,9.7,3.9,9.7,8.2,2.9,3.9,Journalist
1.4,2.0,1.3,3.2,2.1,3.5,2.3,2.1,2.4,1.3,2.8,3.0,8.6,1.6,9.4,8.8,2.1,2.3,Journalist
3.6,3.2,3.4,2.6,2.7,2.6,2.0,1.9,1.2,2.2,1.5,2.4,8.5,2.7,8.2,8.3,3.9,2.3,Journalist
3.4,1.7,1.5,2.0,2.5,2.6,2.5,2.8,3.2,3.4,3.6,2.4,9.8,3.9,8.6,8.6,2.8,2.8,Journalist
3.5,2.2,2.5,3.3,3.7,2.1,1.7,3.3,1.3,3.7,1.1,2.8,9.7,3.1,8.0,8.8,1.9,3.1,Journalist
3.9,1.8,7.9,1.4,3.0,2.0,1.5,2.1,1.7,3.4,1.6,2.6,3.4,9.0,2.3,1.9,1.4,3.1,Mechanical Engineer
1.2,1.7,8.9,3.8,1.7,3.4,2.5,1.2,2.3,2.5,2.0,2.2,2.3,9.9,2.8,3.8,1.7,1.2,Mechanical Engineer
2.3,3.1,8.5,3.4,3.7,1.7,3.7,2.8,3.5,3.2,1.7,3.3,3.4,9.1,1.8,1.1,2.0,2.1,Mechanical Engineer
1.5,2.9,8.9,1.7,1.8,2.1,2.8,2.3,2.8,3.0,2.3,2.9,1.6,9.1,3.5,2.2,3.2,2.1,Mechanical Engineer
2.9,2.3,8.8,1.5,1.2,2.6,1.6,1.1,2.7,2.2,3.6,2.4,4.0,9.0,3.1,3.5,1.3,2.2,Mechanical Engineer
2.4,2.7,7.7,2.0,1.5,1.6,1.4,2.0,1.4,2.1,3.1,1.1,2.9,9.2,2.1,3.3,1.9,2.5,Mechanical Engineer
1.2,3.1,8.5,1.4,2.7,2.1,2.0,1.8,2.3,2.3,3.0,1.3,2.2,9.0,2.1,1.2,3.4,2.9,Mechanical Engineer
2.4,1.7,7.6,1.3,3.5,3.3,1.8,1.2,2.2,1.2,2.7,1.5,2.3,9.8,3.9,1.1,3.1,3.1,Mechanical Engineer
3.9,1.8,9.7,1.6,3.2,1.2,2.8,2.7,2.3,3.0,2.8,2.6,3.8,8.8,1.2,3.6,3.3,3.9,Mechanical Engineer
2.0,1.8,7.3,1.2,1.0,1.8,3.7,2.3,2.4,1.8,3.8,2.0,1.4,8.8,1.9,3.0,1.9,1.4,Mechanical Engineer
2.3,1.9,9.6,2.2,3.0,1.7,1.5,2.4,2.9,2.6,3.9,1.6,1.6,8.9,3.0,1.3,1.7,3.8,Mechanical Engineer
3.3,2.4,9.5,1.2,1.4,2.0,3.9,3.8,3.4,2.4,3.6,3.4,2.5,8.6,1.8,3.2,3.6,1.4,Mechanical Engineer
3.2,3.2,9.3,1.9,1.2,2.3,1.0,2.0,2.6,3.0,1.7,1.3,3.2,8.3,2.6,1.8,3.3,1.9,Mechanical Engineer
2.1,1.3,8.6,1.3,3.3,2.5,2.4,2.6,2.4,3.2,2.4,3.4,1.1,9.8,2.1,2.4,4.0,1.5,Mechanical Engineer
3.7,1.8,7.4,1.8,2.4,3.4,1.0,2.0,1.3,3.0,1.6,4.0,3.3,9.9,1.6,1.2,1.0,3.7,Mechanical Engineer
3.9,2.1,8.5,1.1,2.0,2.3,1.1,1.5,2.1,1.1,2.2,1.2,3.5,8.7,3.8,3.2,3.1,2.3,Mechanical Engineer
2.5,1.6,9.8,1.3,1.6,3.0,1.8,1.6,1.9,3.3,3.7,2.3,1.5,8.1,3.4,1.0,1.9,2.5,Mechanical Engineer
3.9,1.2,8.4,3.6,2.1,3.1,3.5,2.3,1.7,1.0,2.7,1.8,3.5,9.5,3.5,2.9,1.6,3.0,Mechanical Engineer
3.3,2.5,8.9,2.0,3.8,2.3,1.0,3.5,3.4,2.9,2.4,3.5,3.4,8.4,1.9,2.2,1.2,2.1,Mechanical Engineer
2.1,1.9,7.2,3.6,1.4,2.8,3.9,3.3,3.5,2.6,1.2,1.6,1.9,8.6,1.8,1.1,2.0,1.3,Mechanical Engineer
1.4,3.2,9.4,1.6,2.0,3.2,1.6,3.7,1.8,2.1,3.9,2.2,3.8,9.4,2.4,1.5,3.4,3.9,Mechanical Engineer
3.8,3.0,9.6,2.1,1.6,2.9,2.7,3.3,1.7,1.7,1.3,1.6,3.2,8.4,2.1,1.3,3.8,2.0,Mechanical Engineer
3.3,2.5,7.5,2.0,1.7,3.4,3.1,2.1,1.6,3.8,3.1,2.0,1.0,8.9,3.5,2.8,1.7,1.6,Mechanical Engineer
2.2,1.3,7.5,2.4,1.6,1.0,3.4,1.2,2.8,3.9,1.0,3.9,3.2,9.9,1.1,2.7,1.8,2.2,Mechanical Engineer
4.0,3.0,8.2,2.1,3.7,1.1,2.5,2.5,3.6,1.6,3.1,3.7,1.5,9.6,3.2,1.0,2.3,3.6,Mechanical Engineer
2.6,1.5,8.2,1.4,3.1,1.9,2.6,3.1,3.7,3.3,1.6,1.7,3.2,9.9,3.7,1.6,1.8,2.5,Mechanical Engineer
1.9,3.4,8.6,2.2,3.0,2.2,1.8,3.2,2.6,3.7,1.8,1.1,3.0,9.7,2.9,2.0,3.9,3.6,Mechanical Engineer
3.7,3.5,9.6,2.0,1.6,3.1,2.3,1.5,1.0,2.0,3.8,2.9,2.1,10.0,1.1,1.5,1.7,2.5,Mechanical Engineer
2.9,3.8,9.1,1.9,3.7,2.9,3.1,2.7,2.6,2.9,3.5,4.0,1.5,8.1,3.3,3.9,1.0,2.0,Mechanical Engineer
3.9,3.2,8.3,3.9,3.9,2.6,1.3,2.4,1.5,1.2,2.9,2.3,3.8,10.0,2.1,3.7,1.8,1.7,Mechanical Engineer
1.3,3.2,9.9,1.3,1.2,3.3,2.9,2.0,2.4,3.6,2.7,3.7,2.7,9.2,3.0,2.4,2.1,2.8,Mechanical Engineer
2.8,1.5,8.8,3.5,1.5,2.5,1.6,2.0,2.5,2.1,1.6,1.3,2.0,8.6,3.9,3.1,1.9,3.8,Mechanical Engineer
2.3,2.5,9.4,1.4,1.6,2.9,1.8,1.5,2.1,2.7,2.0,3.3,2.4,9.1,2.7,4.0,3.2,1.5,Mechanical Engineer
2.6,2.3,8.4,3.9,3.1,2.3,2.2,3.4,3.3,2.1,3.9,3.5,2.0,8.2,3.5,3.1,2.6,2.0,Mechanical Engineer
2.2,1.2,9.8,3.1,3.5,3.7,1.4,2.0,3.0,1.2,2.3,3.5,3.1,9.0,1.2,2.7,1.6,1.5,Mechanical Engineer
2.7,1.1,7.7,3.6,2.0,1.5,2.6,2.1,3.3,2.5,1.7,1.3,3.6,9.8,1.0,2.9,4.0,2.5,Mechanical Engineer
3.9,2.0,8.0,2.5,2.3,3.4,3.4,2.8,1.8,1.4,2.8,3.3,3.0,9.3,1.1,3.3,3.4,1.5,Mechanical Engineer
2.0,2.5,7.4,1.5,1.4,2.1,1.1,2.8,3.2,3.0,1.1,3.5,3.7,9.6,1.5,4.0,4.0,3.6,Mechanical Engineer
1.1,3.9,8.0,2.4,3.1,3.8,2.7,1.7,4.0,3.9,3.5,1.3,3.3,8.9,2.6,2.7,3.1,1.7,Mechanical Engineer
1.2,3.0,8.1,3.7,1.7,1.3,3.5,1.3,2.7,1.6,3.6,2.7,2.1,9.7,2.0,2.5,2.9,3.9,Mechanical Engineer
3.8,3.4,8.0,3.1,2.0,1.7,1.9,2.1,2.0,3.5,2.5,3.8,3.9,9.4,2.5,3.9,2.0,2.3,Mechanical Engineer
3.6,2.4,8.7,1.5,2.8,1.1,2.5,3.0,2.1,1.2,1.7,2.6,2.5,9.1,1.5,3.1,3.1,2.1,Mechanical Engineer
4.0,3.4,9.4,2.3,3.2,2.8,1.2,2.5,2.5,2.2,1.2,2.6,2.7,9.2,3.7,3.9,2.3,3.3,Mechanical Engineer
3.8,3.3,9.3,4.0,3.7,3.3,3.1,3.0,3.6,2.6,1.1,1.5,3.6,8.4,1.9,3.2,3.5,3.2,Mechanical Engineer
2.8,1.7,7.4,3.0,3.4,1.4,2.9,2.7,3.8,2.1,3.9,1.8,3.7,9.0,2.1,4.0,3.4,3.5,Mechanical Engineer
2.5,2.0,9.4,1.7,1.8,3.3,3.1,2.3,3.0,2.7,3.6,2.2,2.1,8.7,2.8,3.1,2.5,3.6,Mechanical Engineer
1.6,3.0,9.8,1.6,3.6,3.0,2.8,3.1,2.5,1.3,2.1,3.7,2.3,9.3,1.3,3.5,1.5,1.7,Mechanical Engineer
1.8,3.8,9.1,3.4,1.4,1.9,2.6,4.0,1.3,3.4,3.5,1.4,3.7,8.7,3.7,1.4,1.0,1.3,Mechanical Engineer
3.7,1.4,9.3,2.1,1.4,3.9,2.1,3.1,1.3,3.4,1.3,1.7,2.5,8.5,3.3,3.9,2.9,1.9,Mechanical Engineer
1.2,2.3,7.0,3.8,1.7,2.3,2.4,2.6,1.8,3.5,1.6,1.0,2.0,8.3,1.6,1.0,3.8,1.8,Mechanical Engineer
2.5,3.1,9.8,2.4,3.9,1.8,1.7,2.6,1.4,4.0,3.8,2.6,3.2,9.3,2.8,1.6,3.3,3.0,Mechanical Engineer
1.4,1.1,9.1,1.3,1.9,1.2,2.0,1.8,2.5,2.1,1.3,3.7,2.3,8.9,1.3,1.1,2.1,3.4,Mechanical Engineer
1.5,3.5,9.6,3.7,1.7,3.1,2.5,1.9,3.1,2.4,1.0,3.8,3.5,9.2,3.4,1.1,1.6,3.5,Mechanical Engineer
1.5,1.4,9.5,3.9,3.6,1.9,3.1,1.6,3.8,3.9,3.9,2.3,2.4,8.8,1.4,1.7,2.3,2.3,Mechanical Engineer
1.8,1.6,9.8,1.4,3.4,3.8,1.6,3.9,3.7,2.7,1.1,2.1,2.9,8.0,2.1,3.2,3.3,3.8,Mechanical Engineer
3.6,2.2,8.0,3.6,2.3,1.1,2.0,3.9,2.6,3.1,3.8,1.6,2.7,8.0,3.9,2.8,2.1,1.9,Mechanical Engineer
2.2,3.5,8.9,3.4,3.0,3.8,1.4,2.6,3.4,3.9,1.5,3.1,2.8,8.7,2.7,2.2,2.5,1.3,Mechanical Engineer
1.5,2.6,7.0,2.5,1.8,1.9,2.1,3.1,1.1,4.0,3.4,2.6,2.0,9.0,4.0,3.6,3.3,1.8,Mechanical Engineer
3.8,2.7,7.2,3.9,1.7,3.6,2.5,1.5,1.7,2.8,4.0,2.3,2.7,8.1,3.9,3.7,2.0,1.6,Mechanical Engineer
3.7,2.3,9.2,2.0,1.2,1.2,2.7,1.7,1.7,2.6,1.2,1.1,1.1,8.6,2.3,3.0,3.9,3.7,Mechanical Engineer
2.5,1.8,9.2,4.0,1.7,2.7,2.3,1.2,1.0,1.2,2.7,1.5,3.1,9.4,3.5,3.3,3.1,1.4,Mechanical Engineer
1.9,2.3,9.5,3.1,3.8,1.4,1.2,1.0,2.0,1.7,3.1,1.3,1.4,9.9,2.9,1.8,3.8,3.9,Mechanical Engineer
2.7,2.9,9.2,2.8,1.4,3.4,2.8,2.6,2.6,3.7,3.7,3.2,2.9,8.3,1.8,2.3,1.6,3.9,Mechanical Engineer
2.8,3.3,7.1,2.5,1.1,1.5,2.8,1.7,2.6,2.6,3.9,3.2,2.0,8.2,1.4,2.7,2.7,3.8,Mechanical Engineer
1.3,1.3,7.6,2.4,1.2,2.5,2.5,1.5,2.0,1.4,1.2,3.0,2.1,9.2,3.8,1.7,2.4,2.3,Mechanical Engineer
2.2,1.7,7.4,1.7,1.6,3.9,3.6,1.9,3.0,2.8,2.1,3.6,4.0,9.8,3.7,1.5,1.2,1.9,Mechanical Engineer
1.7,2.0,7.4,3.1,3.9,3.7,1.6,1.6,3.6,2.6,3.5,1.8,1.5,8.0,3.2,2.3,3.1,1.1,Mechanical Engineer
2.0,3.1,7.7,1.9,1.1,2.3,1.4,1.2,2.0,3.1,2.2,3.2,3.7,8.7,3.8,2.3,3.5,2.3,Mechanical Engineer
3.2,3.6,9.0,1.7,1.5,3.1,3.8,2.6,2.3,4.0,1.2,2.7,1.3,9.3,2.9,2.1,2.7,2.1,Mechanical Engineer
2.2,3.1,8.3,2.2,2.4,2.9,3.3,3.5,3.9,1.1,2.3,2.6,1.3,8.5,1.4,2.2,1.5,2.2,Mechanical Engineer
1.7,2.8,2.6,3.8,3.8,1.8,2.3,1.7,2.1,3.8,3.4,1.2,9.1,2.6,2.2,1.9,1.4,9.5,Doctor
1.2,2.7,3.9,1.3,3.4,1.6,2.7,3.6,2.6,2.3,2.6,4.0,9.8,2.9,1.1,2.9,1.5,10.0,Doctor
1.3,2.3,2.9,2.3,4.0,3.2,2.6,2.7,3.9,2.2,2.3,1.3,9.4,2.0,3.5,2.5,1.7,9.1,Doctor
3.0,3.5,2.5,1.4,1.9,2.6,1.7,1.4,3.4,3.8,1.9,1.6,9.6,1.1,2.3,1.4,1.2,9.8,Doctor
1.6,2.4,2.3,1.0,3.1,3.6,3.2,3.3,1.1,1.3,3.0,2.9,9.6,1.6,1.5,1.2,2.9,9.4,Doctor
3.8,1.1,3.1,2.6,2.1,2.6,3.1,1.8,2.2,3.2,3.7,1.8,9.1,2.5,3.5,3.6,3.5,9.5,Doctor
1.7,2.9,1.3,1.2,2.3,2.7,1.9,1.5,2.6,1.2,3.7,2.3,9.8,3.9,2.0,2.4,2.5,9.1,Doctor
1.8,2.9,3.8,3.4,2.6,2.5,2.0,3.1,2.9,1.6,3.0,1.3,9.5,1.6,1.6,3.7,3.4,9.9,Doctor
2.6,1.9,2.6,3.9,3.2,3.0,1.0,3.0,1.9,3.2,2.1,2.5,9.7,3.5,1.8,3.5,3.0,9.9,Doctor
1.7,1.0,3.0,2.1,2.6,1.3,3.6,2.2,2.1,3.7,1.8,3.6,9.1,1.8,1.0,3.9,1.4,9.6,Doctor
1.8,1.8,3.0,1.9,1.1,2.1,1.9,3.4,2.8,2.6,3.7,3.7,9.3,1.4,1.5,1.3,2.4,9.4,Doctor
3.3,3.6,1.2,1.4,2.9,2.0,2.9,3.4,3.5,2.9,3.2,2.1,9.3,2.2,2.9,3.8,1.3,9.9,Doctor
2.3,3.4,3.7,2.8,1.5,2.4,1.4,2.7,3.9,2.2,2.3,2.7,9.3,3.5,3.3,2.5,2.7,9.9,Doctor
1.6,2.7,2.7,2.3,2.5,3.1,1.4,3.4,1.3,2.0,2.9,3.6,9.0,3.4,3.5,1.5,3.3,9.0,Doctor
1.9,1.4,2.4,3.1,1.8,1.5,1.1,3.9,1.3,2.1,3.2,3.3,9.7,2.2,2.1,2.0,2.7,9.5,Doctor
3.2,2.0,2.7,3.5,1.4,1.6,1.3,1.9,2.2,1.2,2.9,2.0,9.7,2.5,3.7,1.1,2.7,9.5,Doctor
2.0,2.3,3.7,3.7,3.5,2.6,2.5,2.5,2.6,2.2,1.9,2.1,9.4,3.5,3.7,3.5,2.1,9.1,Doctor
2.8,3.3,3.7,1.3,3.5,3.8,1.3,1.9,2.1,2.1,1.6,1.3,9.5,2.8,3.8,1.4,2.6,9.2,Doctor
2.5,3.1,3.3,2.5,1.8,3.4,1.5,3.4,3.6,2.0,2.8,3.4,9.9,3.5,3.1,2.0,2.0,10.0,Doctor
1.2,3.5,1.4,3.0,3.3,3.5,3.5,3.7,2.1,1.8,2.2,1.7,9.9,3.0,3.4,1.8,4.0,9.6,Doctor
1.9,1.4,3.1,2.6,2.5,3.4,1.8,3.8,2.8,3.8,2.9,2.6,9.4,2.7,3.6,1.9,3.6,9.4,Doctor
3.8,2.8,3.7,2.2,2.5,2.5,2.4,2.9,2.0,3.4,1.3,2.6,9.5,3.2,2.1,2.5,2.1,9.6,Doctor
3.3,4.0,3.5,1.5,3.6,1.3,3.6,1.5,1.2,2.8,2.7,3.6,9.4,2.2,1.1,3.0,2.1,9.8,Doctor
3.9,3.8,1.6,2.7,2.6,3.3,2.1,3.5,2.8,2.1,2.3,2.8,9.0,2.3,3.7,1.0,1.9,9.5,Doctor
3.0,3.4,3.5,3.0,1.9,2.0,1.3,3.4,4.0,2.1,3.3,3.6,9.2,2.8,2.2,2.3,3.3,9.8,Doctor
1.7,1.6,3.3,2.2,2.8,1.1,3.7,1.4,3.4,1.2,3.5,2.9,9.7,3.0,2.1,2.2,3.2,9.2,Doctor
1.9,2.9,1.7,3.5,2.3,2.9,1.0,1.5,1.4,2.3,1.5,1.7,9.2,3.8,1.8,3.8,1.6,9.0,Doctor
2.7,2.7,3.9,3.2,1.2,1.8,1.3,2.3,1.8,1.2,1.9,1.7,9.7,2.3,2.4,1.9,2.7,9.8,Doctor
1.3,1.1,3.7,2.0,1.7,3.7,3.2,3.5,1.8,1.3,1.5,1.9,9.9,1.6,1.7,3.6,1.0,9.3,Doctor
2.1,3.0,2.3,3.5,2.1,1.2,2.0,3.8,3.2,3.6,2.2,2.2,9.5,4.0,3.3,1.9,2.6,9.7,Doctor
3.6,2.9,2.2,3.2,3.5,1.9,1.2,2.0,3.1,1.5,3.2,2.5,9.3,1.7,2.9,1.0,2.6,9.8,Doctor
2.1,3.8,1.1,3.2,1.9,3.5,3.5,2.7,1.3,1.7,2.9,3.2,9.8,2.7,1.1,1.7,1.4,9.5,Doctor
1.2,2.5,1.6,1.3,3.5,2.4,1.6,2.7,3.9,1.6,1.4,3.2,9.0,1.5,3.4,1.5,2.9,9.3,Doctor
2.0,2.1,3.0,2.9,3.3,3.9,1.5,1.1,2.7,2.9,1.1,3.3,10.0,2.2,2.9,3.9,2.2,9.7,Doctor
3.2,3.2,3.1,3.5,2.4,1.6,2.5,1.3,1.8,1.1,3.2,3.0,9.9,1.7,3.8,3.7,3.4,9.9,Doctor
1.5,2.5,1.3,3.1,2.3,1.6,3.6,3.4,3.8,3.8,3.8,1.0,9.6,3.4,3.6,1.1,2.8,9.8,Doctor
1.6,3.1,1.7,1.2,2.1,1.3,3.4,1.3,3.0,3.9,3.8,3.8,9.1,1.2,1.3,3.5,1.3,9.4,Doctor
3.6,2.4,1.3,2.0,3.6,2.3,2.8,1.5,2.1,2.4,3.6,2.2,9.7,1.5,2.3,1.9,3.5,9.2,Doctor
3.7,2.3,2.3,3.1,1.3,3.9,1.4,2.6,1.5,3.6,2.0,2.4,9.3,1.6,2.7,1.1,1.1,9.5,Doctor
2.3,2.4,4.0,2.7,2.3,3.3,1.3,1.5,2.9,1.6,1.7,2.5,9.4,3.1,1.0,2.4,2.2,9.2,Doctor
3.7,2.2,3.6,3.2,2.8,3.0,1.4,1.0,1.3,1.4,1.4,1.9,9.3,3.2,2.3,3.7,2.6,9.5,Doctor
3.4,3.8,2.3,1.4,1.9,3.6,3.6,3.6,2.6,3.1,1.0,2.4,9.5,1.8,3.6,1.5,3.7,9.4,Doctor
3.4,2.8,3.8,2.9,1.7,1.6,1.4,1.6,2.1,2.7,2.7,3.0,9.7,1.2,2.6,1.0,3.0,9.8,Doctor
3.3,1.0,1.1,4.0,3.1,3.3,2.5,1.8,2.2,1.1,3.4,2.0,9.4,3.3,2.0,4.0,2.9,9.2,Doctor
1.5,3.4,3.6,2.9,3.0,2.1,4.0,2.5,3.5,1.8,4.0,2.2,9.7,2.1,2.4,3.6,3.8,9.4,Doctor
3.9,3.3,3.1,1.4,1.7,1.6,3.5,1.1,3.6,2.7,1.6,1.0,9.8,2.4,2.3,2.1,2.9,9.5,Doctor
3.0,3.9,3.5,1.1,3.4,2.8,2.7,2.7,1.7,2.0,3.0,1.3,9.6,3.8,3.3,1.4,3.4,10.0,Doctor
2.1,3.3,1.9,1.4,2.0,3.4,2.4,2.1,1.8,2.5,3.9,3.1,9.4,2.2,3.8,3.1,2.0,9.4,Doctor
2.9,2.8,3.7,1.7,3.0,3.0,1.6,1.5,3.9,2.2,2.6,3.4,10.0,2.7,3.8,1.2,1.8,9.2,Doctor
2.0,1.3,2.9,2.8,1.5,3.6,1.8,1.7,1.3,1.4,3.9,2.7,9.1,3.7,1.8,2.1,1.4,9.9,Doctor
2.6,1.8,2.6,1.5,2.8,2.3,3.0,3.3,3.9,3.8,2.5,3.1,9.2,2.9,3.8,2.4,3.5,9.9,Doctor
1.9,4.0,1.5,1.2,1.1,3.2,2.9,1.9,2.6,3.7,2.5,3.8,10.0,2.0,3.1,3.3,1.4,9.1,Doctor
2.9,1.0,2.9,2.8,1.7,3.0,1.8,2.2,3.8,2.5,3.2,3.7,9.7,2.2,3.2,1.6,4.0,9.6,Doctor
2.3,1.8,3.7,3.8,3.5,2.7,1.3,1.9,3.5,3.9,1.6,1.6,9.2,1.6,3.1,2.6,2.3,9.8,Doctor
3.0,2.5,3.0,1.9,3.4,2.1,3.9,3.3,2.1,2.3,2.7,1.8,9.5,2.9,2.7,3.6,2.7,9.3,Doctor
3.6,3.6,2.2,1.7,3.2,1.5,3.2,4.0,1.8,1.0,3.4,1.6,9.0,2.3,2.1,2.7,3.8,10.0,Doctor
3.5,3.2,3.4,3.5,1.8,1.4,3.0,3.3,1.3,2.0,1.8,2.0,9.6,1.7,2.5,3.3,1.9,9.9,Doctor
2.7,3.3,1.8,1.4,1.7,1.3,3.1,2.6,1.3,1.5,2.7,3.7,9.3,2.9,2.6,1.8,2.4,9.8,Doctor
2.6,3.6,1.3,2.9,3.1,2.6,2.6,1.3,2.6,1.7,1.3,2.9,9.4,2.3,3.5,1.0,2.1,9.5,Doctor
3.7,2.9,3.6,3.0,1.2,3.6,2.8,1.9,1.2,3.9,3.6,2.2,10.0,2.9,3.3,3.9,2.3,9.5,Doctor
2.5,1.3,4.0,1.4,3.7,2.1,2.9,3.3,2.3,3.2,2.1,3.4,9.5,2.1,3.9,1.5,2.3,9.8,Doctor
1.5,1.6,3.8,3.6,3.2,1.7,3.9,2.2,3.4,3.3,3.8,3.8,9.0,3.3,3.6,2.7,1.6,9.3,Doctor
3.0,3.4,2.2,2.4,1.7,3.3,1.4,1.9,3.0,3.6,3.4,1.2,9.1,2.6,1.2,3.3,3.1,9.9,Doctor
2.2,3.8,2.5,1.8,2.0,2.6,2.1,3.0,1.7,1.1,1.2,3.0,9.4,2.9,3.9,3.1,2.1,9.8,Doctor
3.4,2.9,1.3,1.1,1.3,1.5,1.2,1.1,2.3,3.7,2.0,1.8,9.1,3.9,1.9,2.0,1.0,10.0,Doctor
4.0,3.7,1.9,1.0,1.4,3.2,2.3,3.8,2.1,2.0,1.2,1.0,9.5,3.8,2.7,1.5,3.5,9.6,Doctor
2.7,1.1,2.3,3.9,1.3,1.3,1.1,3.8,3.3,1.5,2.8,3.4,9.3,2.2,1.0,1.7,2.7,9.4,Doctor
1.8,2.9,2.6,1.3,3.9,3.5,1.3,3.5,3.3,2.8,1.2,2.2,9.3,2.8,3.1,3.1,2.1,9.4,Doctor
1.1,3.5,3.1,2.7,3.7,2.9,1.8,1.8,1.8,2.9,4.0,4.0,9.1,3.5,3.7,1.3,4.0,9.3,Doctor
4.0,2.4,1.1,3.6,1.0,2.7,1.0,2.1,1.4,2.7,2.1,3.0,10.0,2.3,3.2,2.7,1.2,9.6,Doctor
